district,block,clf_id,clf_name,partner_organization,project_title
Araria,Araria,,AANGAN CLF 10-06-2022,Syngenta Foundation (SFI),
Araria,Araria,,Deep CLF,Syngenta Foundation (SFI),
Araria,Araria,,HARIYALI CLF 8/6/2022,Syngenta Foundation (SFI),
Araria,Araria,,KHUSHYALI CLF,Syngenta Foundation (SFI),
Araria,Araria,,KHUSHYALI CLF,PRADAN,
Araria,Araria,,PRAGATI CLF,,
Araria,Araria,,SANGHARSH CLF 19-01-2023,Syngenta Foundation (SFI),
Araria,Araria,,SANKALP CLF 17/6/2022,Syngenta Foundation (SFI),
Araria,Bhargama,,AMRIT JEEVIKA MEHILA CLF,Syngenta Foundation (SFI),
Araria,Bhargama,,GANDHI JEEVIKA MAHILA CLF,Syngenta Foundation (SFI),
Araria,Bhargama,,KRANTI CLF 26/02/2019,Syngenta Foundation (SFI),
Araria,Bhargama,,KRANTI CLF 26/02/2019,PRADAN,
Araria,Bhargama,,Laxmi bai jeevika mahila CLF,Syngenta Foundation (SFI),
Araria,Bhargama,,SURAJ JEEVIKA MAHILA CLF,Syngenta Foundation (SFI),
Araria,Forbesganj,,Anpurna CLF,Syngenta Foundation (SFI),
Araria,Forbesganj,,Naya Savera Jeevika Mahila Sankul Stariya Sangh,Syngenta Foundation (SFI),
Araria,Forbesganj,,Padma Renu Jeevika Mahila Sankul Stariya Sangh,Syngenta Foundation (SFI),
Araria,Forbesganj,,Prerna Jeevika Mahila Sankul Stariya Sangh,Syngenta Foundation (SFI),
Araria,Forbesganj,,Samarpan Jeevika Mahila Sankul Stariya Sangh,,
Araria,Forbesganj,,Sanskar Jeevika Sankul Stariya Sangh,Syngenta Foundation (SFI),
Araria,Forbesganj,,Tulsi CLF,Syngenta Foundation (SFI),
Araria,Forbesganj,,Tulsi CLF,PRADAN,
Araria,Jokihat,,BHARAT 06/03/19,Syngenta Foundation (SFI),
Araria,Jokihat,,JAI HIND 18/05/22,Syngenta Foundation (SFI),
Araria,Jokihat,,PRATIGYA 15/03/22,Syngenta Foundation (SFI),
Araria,Jokihat,,SAHARA 16/03/22,Syngenta Foundation (SFI),
Araria,Jokihat,,TIRANGA 15/03/22,Syngenta Foundation (SFI),
Araria,Jokihat,,VISHWAS 01/02/2022,Syngenta Foundation (SFI),
Araria,Kursakatta,,JEEVAN DHARA CLF 04-05-2022,Syngenta Foundation (SFI),
Araria,Kursakatta,,JEEVAN JYOTI JEEVIKA MAHILA SANKUL SANGH,Syngenta Foundation (SFI),
Araria,Kursakatta,,JEEVAN JYOTI JEEVIKA MAHILA SANKUL SANGH,PRADAN,
Araria,Kursakatta,,JEEVAN SHAKTI CLF 04-05-2022,Syngenta Foundation (SFI),
Araria,Kursakatta,,JEEVAN VIKAS CLF 06-05-2022,Syngenta Foundation (SFI),
Araria,Narpatganj,,Adishakti Clf,Syngenta Foundation (SFI),
Araria,Narpatganj,,Jagrati,,
Araria,Narpatganj,,Mahashakti Clf,Syngenta Foundation (SFI),
Araria,Narpatganj,,Nari Gaurav Jeevika Mahila CLF,,
Araria,Narpatganj,,Nari Shakti CLF,Syngenta Foundation (SFI),
Araria,Narpatganj,,Nari Shakti CLF,PRADAN,
Araria,Narpatganj,,Mahila Shakti CLF 23/12/2021,Syngenta Foundation (SFI),
Araria,Narpatganj,,Simanchalshakti Clf,,
Araria,Palasi,,ADARSH JEEVIKA MAHILA SANKUL SANGH,Syngenta Foundation (SFI),
Araria,Palasi,,NARI EKATA JEEVIKA MAHILA SANKUL SANGH,Syngenta Foundation (SFI),
Araria,Palasi,,NARI SAMMAN JEEVIKA MAHILA SANKUL SANGH,Syngenta Foundation (SFI),
Araria,Palasi,,NARIVISHWAS CLF 25/07/2022,Syngenta Foundation (SFI),
Araria,Palasi,,UPKAR CLF 25/7/2022,Syngenta Foundation (SFI),
Araria,Raniganj,,ANCHAL JEEVIKA MAHILA SANKUL SANGH,Syngenta Foundation (SFI),
Araria,Raniganj,,KIRAN JEEVIKA MAHILA SANKUL SANGH 26/12/2019,Syngenta Foundation (SFI),
Araria,Raniganj,,KIRAN JEEVIKA MAHILA SANKUL SANGH 26/12/2019,PRADAN,
Araria,Raniganj,,LAKSHYA JEEVIKA MAHILLA SANKUL SANGH,,
Araria,Raniganj,,SAFALATA 26-01-2022 (CLF),Syngenta Foundation (SFI),
Araria,Raniganj,,SAMMAN JEEWIKA MAHILA CLF,,
Araria,Raniganj,,SANGAM JEEVIKA MAHILA SANKUL SANGH,,
Araria,Raniganj,,UJJAVAL 26/2/2021,Syngenta Foundation (SFI),
Araria,Raniganj,,VIKASH JEEVIKA MAHILA SANKUL SANGH 29-01-2022 CLF,Syngenta Foundation (SFI),
Araria,Sikti,,GAGAN JEEVIKA MAHILA SANKUL SANGH 11/02/2022,Syngenta Foundation (SFI),
Araria,Sikti,,NAV JYOTI JEEVIKA MAHILA SANKUL SANGH 21/03/2021,Syngenta Foundation (SFI),
Araria,Sikti,,Sangram Jeevika Mahila CLF,Syngenta Foundation (SFI),
Araria,Sikti,,UTSAH JEEVIKA MAHILA SANKUL SANGH 11/02/2022,Syngenta Foundation (SFI),
Arwal,Arwal,,GARIMA JEEVIKA MAHILA SANKUL SANGH,Syngenta Foundation (SFI),
Arwal,Arwal,,Jyoti25072007,,
Arwal,Arwal,,SITA 24012024-CLF,,
Arwal,Kaler,,Nari shakti 11/12/2017,Syngenta Foundation (SFI),
Arwal,Kaler,,UJALA 31/12/2019,Syngenta Foundation (SFI),
Arwal,Kaler,,Vikash04102018,Syngenta Foundation (SFI),
Arwal,Karpi,,Aanchal 17/11/2017,Syngenta Foundation (SFI),
Arwal,Karpi,,Arpan,Syngenta Foundation (SFI),
Arwal,Karpi,,Bharat,,
Arwal,Karpi,,Gyan 26092018,Syngenta Foundation (SFI),
Arwal,Kurtha,,EKTA MAHILA SANKUL SANGH 11102018,Syngenta Foundation (SFI),
Arwal,Kurtha,,Jagritee Mahila sangh 24/01/2017,Syngenta Foundation (SFI),
Arwal,Kurtha,,Sawera mahila sankul sangh 21/12/2017,Syngenta Foundation (SFI),
Arwal,Sonbhadra Banshi,,Milan 24092018,Syngenta Foundation (SFI),
Arwal,Sonbhadra Banshi,,Sangam 28/11/2017,Syngenta Foundation (SFI),
Aurangabad,Aurangabad,,Hariyali,Syngenta Foundation (SFI),
Aurangabad,Aurangabad,,Jagriti,Syngenta Foundation (SFI),
Aurangabad,Aurangabad,,Sagar29112019,Syngenta Foundation (SFI),
Aurangabad,Barun,,Anchal,Syngenta Foundation (SFI),
Aurangabad,Barun,,Champa 16/06/2020,,
Aurangabad,Barun,,Jagriti,Syngenta Foundation (SFI),
Aurangabad,Barun,,Songanga,Syngenta Foundation (SFI),
Aurangabad,Daudnagar,,Mashal,Syngenta Foundation (SFI),
Aurangabad,Daudnagar,,Nari shakti,Syngenta Foundation (SFI),
Aurangabad,Daudnagar,,VISHAL CLF,Syngenta Foundation (SFI),
Aurangabad,Deo,,Bharti,Syngenta Foundation (SFI),
Aurangabad,Deo,,Bhaskar,Syngenta Foundation (SFI),
Aurangabad,Deo,,Suryanarayan,Syngenta Foundation (SFI),
Aurangabad,Deo,,Suryanchal,Syngenta Foundation (SFI),
Aurangabad,Goh,,Aazad CLF,Syngenta Foundation (SFI),
Aurangabad,Goh,,Magadh,Syngenta Foundation (SFI),
Aurangabad,Goh,,Nari Garima,Syngenta Foundation (SFI),
Aurangabad,Goh,,Pahal Jeevika Maheela Shankulstariya Shangh Dihuri,Syngenta Foundation (SFI),
Aurangabad,Haspura,,Bharat,Syngenta Foundation (SFI),
Aurangabad,Haspura,,Milan,Syngenta Foundation (SFI),
Aurangabad,Haspura,,Tiranga,Syngenta Foundation (SFI),
Aurangabad,Kutumba,,Ambe,Syngenta Foundation (SFI),
Aurangabad,Kutumba,,Kalpvriksh,Syngenta Foundation (SFI),
Aurangabad,Kutumba,,Nari Ekta,Syngenta Foundation (SFI),
Aurangabad,Madanpur,,Himalya CLF,Syngenta Foundation (SFI),
Aurangabad,Madanpur,,Prakash CLF Madanpur,Syngenta Foundation (SFI),
Aurangabad,Madanpur,,Ujwal,Syngenta Foundation (SFI),
Aurangabad,Nabinagar,,Adhikar CLF,Syngenta Foundation (SFI),
Aurangabad,Nabinagar,,Bharat CLF,Syngenta Foundation (SFI),
Aurangabad,Nabinagar,,Girinandani,Syngenta Foundation (SFI),
Aurangabad,Nabinagar,,Himalay,Syngenta Foundation (SFI),
Aurangabad,Nabinagar,,Skandmata CLF,Syngenta Foundation (SFI),
Aurangabad,Obra,,Pragati,Syngenta Foundation (SFI),
Aurangabad,Obra,,Sangam Swayam Siddha mahila vikas S.S.S.LTD.,Syngenta Foundation (SFI),
Aurangabad,Obra,,Tiranga,Syngenta Foundation (SFI),
Aurangabad,Rafiganj,,Dhawa CLF,Syngenta Foundation (SFI),
Aurangabad,Rafiganj,,Ekta CLF,Syngenta Foundation (SFI),
Aurangabad,Rafiganj,,Prakriti CLF,Syngenta Foundation (SFI),
Aurangabad,Rafiganj,,Sanskar CLF,Syngenta Foundation (SFI),
Banka,Amarpur,,Nav Jagrati,Syngenta Foundation (SFI),
Banka,Amarpur,,Nav Jagrati,PRADAN,
Banka,Amarpur,,Nav Nirman,,
Banka,Amarpur,,Nayee Disha,Syngenta Foundation (SFI),
Banka,Amarpur,,Nayee Disha,PRADAN,
Banka,Amarpur,,Utsah,Syngenta Foundation (SFI),
Banka,Banka,,Abhilasha,Syngenta Foundation (SFI),
Banka,Banka,,Mandar Jeevika,Syngenta Foundation (SFI),
Banka,Banka,,Mandar Jeevika,PRADAN,
Banka,Banka,,Nav Jyoti,Syngenta Foundation (SFI),
Banka,Barahat,,Barte Kadam,Syngenta Foundation (SFI),
Banka,Barahat,,Barte Kadam,PRADAN,
Banka,Barahat,,Guru- Maharaj - Auriya,,
Banka,Barahat,,Nari Utthan,Syngenta Foundation (SFI),
Banka,Barahat,,Swabhiman,Syngenta Foundation (SFI),
Banka,Bausi,,Arpan 18/11/2016,Syngenta Foundation (SFI),
Banka,Bausi,,Dipjyoti,Syngenta Foundation (SFI),
Banka,Bausi,,Ujala 16032016,Syngenta Foundation (SFI),
Banka,Bausi,,Ujala 16032016,PRADAN,
Banka,Belhar,,Adarsh,Syngenta Foundation (SFI),
Banka,Belhar,,Nari Vikash,Syngenta Foundation (SFI),
Banka,Belhar,,Vikash,Syngenta Foundation (SFI),
Banka,Belhar,,Vikash,PRADAN,
Banka,Chanan,,Gangotri,Syngenta Foundation (SFI),
Banka,Chanan,,Sangam,PRADAN,
Banka,Chanan,,Mahila Shakti,Syngenta Foundation (SFI),
Banka,Dhuraiya,,Adhikar,Syngenta Foundation (SFI),
Banka,Dhuraiya,,Adhikar,PRADAN,
Banka,Dhuraiya,,Kranti,Syngenta Foundation (SFI),
Banka,Dhuraiya,,Trang,Syngenta Foundation (SFI),
Banka,Katoria,,Narishakti,Syngenta Foundation (SFI),
Banka,Katoria,,Narishakti,PRADAN,
Banka,Katoria,,Naree Umang,,
Banka,Katoria,,Naya Sabera,Syngenta Foundation (SFI),
Banka,Phulidumar,,Jeevan Shakti,Syngenta Foundation (SFI),
Banka,Phulidumar,,Jeevan Shakti,PRADAN,
Banka,Phulidumar,,Nari Kalyan,Syngenta Foundation (SFI),
Banka,Phulidumar,,Sanjivani,Syngenta Foundation (SFI),
Banka,Rajaun,,Lakshmibai,Syngenta Foundation (SFI),
Banka,Rajaun,,Lakshmibai,PRADAN,
Banka,Rajaun,,Pragati07012021,Syngenta Foundation (SFI),
Banka,Rajaun,,Pragati07012021,PRADAN,
Banka,Rajaun,,Unnati,Syngenta Foundation (SFI),
Banka,Shambhuganj,,Annpurna,Syngenta Foundation (SFI),
Banka,Shambhuganj,,Dhanlakshmi,Syngenta Foundation (SFI),
Banka,Shambhuganj,,Jagriti,Syngenta Foundation (SFI),
Banka,Shambhuganj,,Sanskar,Syngenta Foundation (SFI),
Banka,Shambhuganj,,Sanskar,PRADAN,
Begusarai,Bachhwara,,Mahan,Syngenta Foundation (SFI),
Begusarai,Bachhwara,,Prayash,Syngenta Foundation (SFI),
Begusarai,Bachhwara,,Samadhan,Syngenta Foundation (SFI),
Begusarai,Bachhwara,,Udan,Syngenta Foundation (SFI),
Begusarai,Bachhwara,,Udan,PRADAN,
Begusarai,Bakhri,,Adhikar CLF,Syngenta Foundation (SFI),
Begusarai,Bakhri,,Kranti Jeevika Mahila CLF,Syngenta Foundation (SFI),
Begusarai,Bakhri,,Kranti Jeevika Mahila CLF,PRADAN,
Begusarai,Bakhri,,Sangram Jeevika Mahila CLF,Syngenta Foundation (SFI),
Begusarai,Balia,,Ganga Sagar,Syngenta Foundation (SFI),
Begusarai,Balia,,Ganga Sagar,PRADAN,
Begusarai,Balia,,Hariyali (C.L.F),Syngenta Foundation (SFI),
Begusarai,Balia,,Sheetal (C.L.F),Syngenta Foundation (SFI),
Begusarai,Barauni,,Jivan,Syngenta Foundation (SFI),
Begusarai,Barauni,,Pratigya,Syngenta Foundation (SFI),
Begusarai,Barauni,,Pratigya,PRADAN,
Begusarai,Barauni,,Yug,Syngenta Foundation (SFI),
Begusarai,Begusarai,,Adarsh,Syngenta Foundation (SFI),
Begusarai,Begusarai,,Jigyasha,Syngenta Foundation (SFI),
Begusarai,Begusarai,,Sangharsh,Syngenta Foundation (SFI),
Begusarai,Begusarai,,Swarg,Syngenta Foundation (SFI),
Begusarai,Begusarai,,Vijeta,Syngenta Foundation (SFI),
Begusarai,Begusarai,,Vijeta,PRADAN,
Begusarai,Begusarai,,Vikash CLF,Syngenta Foundation (SFI),
Begusarai,Bhagwanpur,,Manisha,Syngenta Foundation (SFI),
Begusarai,Bhagwanpur,,Shiv Shakti,Syngenta Foundation (SFI),
Begusarai,Bhagwanpur,,Shiv Shakti,PRADAN,
Begusarai,Bhagwanpur,,Tilak CLF,Syngenta Foundation (SFI),
Begusarai,Bhagwanpur,,Tilak CLF,PRADAN,
Begusarai,Birpur,,Bharat,Syngenta Foundation (SFI),
Begusarai,Birpur,,Bharat,PRADAN,
Begusarai,Birpur,,Sahmati,Syngenta Foundation (SFI),
Begusarai,Birpur,,Sahyog,Syngenta Foundation (SFI),
Begusarai,Cheria Bariarpur,,AARADHYA,Syngenta Foundation (SFI),
Begusarai,Cheria Bariarpur,,Ashirvad,Syngenta Foundation (SFI),
Begusarai,Cheria Bariarpur,,Ashirvad,PRADAN,
Begusarai,Cheria Bariarpur,,SANJEEVANI,Syngenta Foundation (SFI),
Begusarai,Chhorahi,,Unnati,Syngenta Foundation (SFI),
Begusarai,Chhorahi,,Upahaar,Syngenta Foundation (SFI),
Begusarai,Chhorahi,,Upkar,Syngenta Foundation (SFI),
Begusarai,Chhorahi,,Upkar,PRADAN,
Begusarai,Dandari,,Bharat (Bank),Syngenta Foundation (SFI),
Begusarai,Dandari,,Bharat (Bank),PRADAN,
Begusarai,Dandari,,Mahila Shakti,Syngenta Foundation (SFI),
Begusarai,Garhpura,,Khushhali,Syngenta Foundation (SFI),
Begusarai,Garhpura,,Prakash,Syngenta Foundation (SFI),
Begusarai,Garhpura,,Prakash,PRADAN,
Begusarai,Garhpura,,Sangam,Syngenta Foundation (SFI),
Begusarai,Khudabandpur,,Aadishakti CLF,Syngenta Foundation (SFI),
Begusarai,Khudabandpur,,Janni CLF,Syngenta Foundation (SFI),
Begusarai,Khudabandpur,,Narishakti CLF,Syngenta Foundation (SFI),
Begusarai,Khudabandpur,,Narishakti CLF,PRADAN,
Begusarai,Mansurchak,,Bhavishya,Syngenta Foundation (SFI),
Begusarai,Mansurchak,,Bhavishya,PRADAN,
Begusarai,Mansurchak,,UJJWAL,Syngenta Foundation (SFI),
Begusarai,Matihani,,Adhikar CLF,Syngenta Foundation (SFI),
Begusarai,Matihani,,Kartavya,Syngenta Foundation (SFI),
Begusarai,Matihani,,Parivartan clf,Syngenta Foundation (SFI),
Begusarai,Matihani,,Parivartan clf,PRADAN,
Begusarai,Naokothi,,Akash CLF,Syngenta Foundation (SFI),
Begusarai,Naokothi,,Akash CLF,PRADAN,
Begusarai,Naokothi,,Deep CLF,Syngenta Foundation (SFI),
Begusarai,Naokothi,,VikasShil CLF,,
Begusarai,Sahebpur Kamal,,Jay Bharat CLF,Syngenta Foundation (SFI),
Begusarai,Sahebpur Kamal,,Jay Hind CLF,Syngenta Foundation (SFI),
Begusarai,Sahebpur Kamal,,Jay Hind CLF,PRADAN,
Begusarai,Sahebpur Kamal,,Sawan CLF,Syngenta Foundation (SFI),
Begusarai,Sahebpur Kamal,,Tiranga CLF,Syngenta Foundation (SFI),
Begusarai,Shamho Akha Kurha,,Gyan Jeevika mahila cluster level federation,Syngenta Foundation (SFI),
Begusarai,Teghra,,Badhte Kadam,Syngenta Foundation (SFI),
Begusarai,Teghra,,Badhte Kadam,PRADAN,
Begusarai,Teghra,,Sanskar,Syngenta Foundation (SFI),
Begusarai,Teghra,,Utkarsh,Syngenta Foundation (SFI),
Bhagalpur,Bihpur,,saheli20112017,Syngenta Foundation (SFI),
Bhagalpur,Bihpur,,SAKHI CLF,,
Bhagalpur,Bihpur,,UMANG 13/02/2018,Syngenta Foundation (SFI),
Bhagalpur,Gopalpur,,JAI HIND,Syngenta Foundation (SFI),
Bhagalpur,Gopalpur,,Kamal,Syngenta Foundation (SFI),
Bhagalpur,Goradih,,EKTA,Syngenta Foundation (SFI),
Bhagalpur,Goradih,,SATHIYA23032018,Syngenta Foundation (SFI),
Bhagalpur,Goradih,,Vikash CLF,Syngenta Foundation (SFI),
Bhagalpur,Ismailpur,,Nari Sangharsh,,
Bhagalpur,Jagdishpur,,Nayi Udan,Syngenta Foundation (SFI),
Bhagalpur,Jagdishpur,,Pratibha(21-02-21) CLF,Syngenta Foundation (SFI),
Bhagalpur,Jagdishpur,,Swatantra CLF,Syngenta Foundation (SFI),
Bhagalpur,Kahalgaon,,Bhavishy CLF,Syngenta Foundation (SFI),
Bhagalpur,Kahalgaon,,GANGA CLF,,
Bhagalpur,Kahalgaon,,Nari Shakti,,
Bhagalpur,Kahalgaon,,SAVERA 20/02/2021,Syngenta Foundation (SFI),
Bhagalpur,Kahalgaon,,Upkar CLF,Syngenta Foundation (SFI),
Bhagalpur,Kahalgaon,,VIKRAMSHILA 21/02/2021,Syngenta Foundation (SFI),
Bhagalpur,Kharik,,Aastha08032017,,
Bhagalpur,Kharik,,Chetana01122017,,
Bhagalpur,Kharik,,Dev28092020,,
Bhagalpur,Narayanpur,,Prakash,Syngenta Foundation (SFI),
Bhagalpur,Narayanpur,,Safalta,Syngenta Foundation (SFI),
Bhagalpur,Nathnagar,,Mashal CLF,,
Bhagalpur,Nathnagar,,Shital12122017,Syngenta Foundation (SFI),
Bhagalpur,Nathnagar,,SUNDAR,Syngenta Foundation (SFI),
Bhagalpur,Naugachhia,,kadam27032018,Syngenta Foundation (SFI),
Bhagalpur,Naugachhia,,Saksham,Syngenta Foundation (SFI),
Bhagalpur,Naugachhia,,Srishti CLF,Syngenta Foundation (SFI),
Bhagalpur,Pirpainti,,Gyan,Syngenta Foundation (SFI),
Bhagalpur,Pirpainti,,Lucky CLF,Syngenta Foundation (SFI),
Bhagalpur,Pirpainti,,MAA BHARTI CLF,,
Bhagalpur,Pirpainti,,SAFAL CLF 22022021,,
Bhagalpur,Pirpainti,,Utsav C L F,Syngenta Foundation (SFI),
Bhagalpur,Rangra Chowk,,Garv CLF,Syngenta Foundation (SFI),
Bhagalpur,Rangra Chowk,,Indra CLF,,
Bhagalpur,Rangra Chowk,,Sagar clf,Syngenta Foundation (SFI),
Bhagalpur,Sabour,,Arpan01122017,Syngenta Foundation (SFI),
Bhagalpur,Sabour,,Chirag CLF,Syngenta Foundation (SFI),
Bhagalpur,Sabour,,JIGYASHA 2-3-2020,Syngenta Foundation (SFI),
Bhagalpur,Shahkund,,ANGIKA 10/02/2021,Syngenta Foundation (SFI),
Bhagalpur,Shahkund,,KIRAN CLF 23-03-2018,Syngenta Foundation (SFI),
Bhagalpur,Shahkund,,LAKSHYA CLF (SAJOUR),Syngenta Foundation (SFI),
Bhagalpur,Sonhaula,,Bhumika,,
Bhagalpur,Sonhaula,,Disha12122017,Syngenta Foundation (SFI),
Bhagalpur,Sonhaula,,VIJETA CLF,Syngenta Foundation (SFI),
Bhagalpur,Sonhaula,,YASH CLF,,
Bhagalpur,Sultanganj,,Aadi shakti,Syngenta Foundation (SFI),
Bhagalpur,Sultanganj,,ANNPURNA 17/1/17,Syngenta Foundation (SFI),
Bhagalpur,Sultanganj,,Swabhiman,Syngenta Foundation (SFI),
Bhojpur,Agiaon,,JAY BHARAT NARISHAKTI M V S S S PVT LTD,Syngenta Foundation (SFI),
Bhojpur,Agiaon,,JYOTI CLF,Syngenta Foundation (SFI),
Bhojpur,Agiaon,,KAMAL CLF,Syngenta Foundation (SFI),
Bhojpur,Arrah,,KRANTI 14/06/2019,Syngenta Foundation (SFI),
Bhojpur,Arrah,,SANSKAAR_CLF_,Syngenta Foundation (SFI),
Bhojpur,Arrah,,UNNATI_CLF,Syngenta Foundation (SFI),
Bhojpur,Barhara,,GANGOTRI,Syngenta Foundation (SFI),
Bhojpur,Barhara,,PAWAN,,
Bhojpur,Barhara,,PURNIMA,Syngenta Foundation (SFI),
Bhojpur,Barhara,,SRI RAM,Syngenta Foundation (SFI),
Bhojpur,Behea,,MILAN,Syngenta Foundation (SFI),
Bhojpur,Behea,,VISHWAJEET,Syngenta Foundation (SFI),
Bhojpur,Charpokhari,,SAVITRI (27/02/2019),Syngenta Foundation (SFI),
Bhojpur,Charpokhari,,SWARG CLF (17/01/2020),Syngenta Foundation (SFI),
Bhojpur,Garhani,,HIMALAY JEEVIKA MAHILA SANKUL ASTRIY SANGH,Syngenta Foundation (SFI),
Bhojpur,Garhani,,Indra Jeevika Mahila Cluster Level Federation,Syngenta Foundation (SFI),
Bhojpur,Jagdishpur,,BALIDAN,Syngenta Foundation (SFI),
Bhojpur,Jagdishpur,,SAKTIMAN,Syngenta Foundation (SFI),
Bhojpur,Jagdishpur,,SEETA (CLF),Syngenta Foundation (SFI),
Bhojpur,Koilwar,,JANKI,Syngenta Foundation (SFI),
Bhojpur,Koilwar,,KHUSHI_CLF,Syngenta Foundation (SFI),
Bhojpur,Koilwar,,SHAKTI JEEVIKA MAHILA,Syngenta Foundation (SFI),
Bhojpur,Piro,,JANANI JEEVIKA MAHILA SANKUL STARIYA SANGH,Syngenta Foundation (SFI),
Bhojpur,Piro,,NARI (CLF ),Syngenta Foundation (SFI),
Bhojpur,Piro,,SHIVANI JEEVIKA MAHILA SANKUL STARIYA SANGH,Syngenta Foundation (SFI),
Bhojpur,Sahar,,ANCHAL JEEVIKA MAHILA SANKUL SANGH,Syngenta Foundation (SFI),
Bhojpur,Sahar,,Ekata Clf,Syngenta Foundation (SFI),
Bhojpur,Sandesh,,ADARSH,Syngenta Foundation (SFI),
Bhojpur,Sandesh,,UMMID,Syngenta Foundation (SFI),
Bhojpur,Shahpur,,KALYANI JEEVIKA MAHILA SANKUL STRIYA SANGH,Syngenta Foundation (SFI),
Bhojpur,Shahpur,,NARI SHAKTI JEEVIKA MAHILA SANKUL STARIY SANGH,Syngenta Foundation (SFI),
Bhojpur,Shahpur,,PRERNA,Syngenta Foundation (SFI),
Bhojpur,Tarari,,DRISHTI 04/07/2023,Syngenta Foundation (SFI),
Bhojpur,Tarari,,SAHAYOGI CLF 13/09/2009,Syngenta Foundation (SFI),
Bhojpur,Tarari,,Srishti,Syngenta Foundation (SFI),
Bhojpur,Udwant Nagar,,BHARTI (CLF),Syngenta Foundation (SFI),
Bhojpur,Udwant Nagar,,JEEVAN (CLF),Syngenta Foundation (SFI),
Bhojpur,Udwant Nagar,,JUNUN (CLF),Syngenta Foundation (SFI),
Buxar,Barhampur,,Kranti 13.03.2021,Syngenta Foundation (SFI),
Buxar,Barhampur,,Pragati 03.03.2017,Syngenta Foundation (SFI),
Buxar,Barhampur,,Unnati,Syngenta Foundation (SFI),
Buxar,Buxar,,Dharohar CLF,Syngenta Foundation (SFI),
Buxar,Buxar,,Safal CLF,Syngenta Foundation (SFI),
Buxar,Buxar,,Sangam CLF,Syngenta Foundation (SFI),
Buxar,Chakki,,Muskan 29/12/2019,Syngenta Foundation (SFI),
Buxar,Chaugain,,Umang,Syngenta Foundation (SFI),
Buxar,Chausa,,Adarsh 26/3/18,Syngenta Foundation (SFI),
Buxar,Chausa,,Aditya 16.07.2022,Syngenta Foundation (SFI),
Buxar,Dumraon,,Anmol CLF,Syngenta Foundation (SFI),
Buxar,Dumraon,,Gagan 16/3/18,Syngenta Foundation (SFI),
Buxar,Dumraon,,Hariyali CLF,Syngenta Foundation (SFI),
Buxar,Itarhi,,Adhikar 11/12/17,Syngenta Foundation (SFI),
Buxar,Itarhi,,Parivartan 22/2/22,Syngenta Foundation (SFI),
Buxar,Itarhi,,Sahyog 05/03/2020,Syngenta Foundation (SFI),
Buxar,Kesath,,Jagriti 30/12/19,Syngenta Foundation (SFI),
Buxar,Nawanagar,,Devishakti 12.02.22,Syngenta Foundation (SFI),
Buxar,Nawanagar,,Narishakti 09-03-2021,Syngenta Foundation (SFI),
Buxar,Nawanagar,,Sanskar 30/11/17,Syngenta Foundation (SFI),
Buxar,Rajpur,,SAGAR CLF 20/03/21,Syngenta Foundation (SFI),
Buxar,Rajpur,,TARA CLF(DHANSOI) 13/01/2020,Syngenta Foundation (SFI),
Buxar,Rajpur,,Upkar (CLF) 12/12/17,Syngenta Foundation (SFI),
Buxar,Simri,,Adhaar 15.03.2022,Syngenta Foundation (SFI),
Buxar,Simri,,Raunak 11/02/2020,Syngenta Foundation (SFI),
Buxar,Simri,,Udan 14.06.18,Syngenta Foundation (SFI),
Darbhanga,Alinagar,,Chanda CLF,Syngenta Foundation (SFI),
Darbhanga,Alinagar,,Sitara CLF,Syngenta Foundation (SFI),
Darbhanga,Alinagar,,Suraj (CLF),Syngenta Foundation (SFI),
Darbhanga,Bahadurpur,,Ekta (CLF),Syngenta Foundation (SFI),
Darbhanga,Bahadurpur,,Jagat Janani (CLF),Syngenta Foundation (SFI),
Darbhanga,Bahadurpur,,"Kamal CLF , wdc",Syngenta Foundation (SFI),
Darbhanga,Bahadurpur,,"Sakhi, CLF",Syngenta Foundation (SFI),
Darbhanga,Bahadurpur,,Unnati,Syngenta Foundation (SFI),
Darbhanga,Baheri,,AANGAN,,
Darbhanga,Baheri,,Anchal,Syngenta Foundation (SFI),
Darbhanga,Baheri,,Bagmati,Syngenta Foundation (SFI),
Darbhanga,Baheri,,"BHAGIRATHI JEEVIKA MAHILA SANKUL SANGH , BAHERI",Syngenta Foundation (SFI),
Darbhanga,Baheri,,Mithalanchal 22/2/17,Syngenta Foundation (SFI),
Darbhanga,Baheri,,UPASANA JEEVIKA MAHILA SANKUL SANGH,Syngenta Foundation (SFI),
Darbhanga,Baheri,,"VATIKA JEEVIKA MAHILA SANKUL SANGH, UJJIANA",Syngenta Foundation (SFI),
Darbhanga,Benipur,,"Chand, CLF",Syngenta Foundation (SFI),
Darbhanga,Benipur,,"Jagran, CLF",Syngenta Foundation (SFI),
Darbhanga,Benipur,,"Prakash, CLF",Syngenta Foundation (SFI),
Darbhanga,Biraul,,Basant (CLF),Syngenta Foundation (SFI),
Darbhanga,Biraul,,Harsh 25/3/2021,Syngenta Foundation (SFI),
Darbhanga,Biraul,,Jeewan Jyoti 24/03/2021,Syngenta Foundation (SFI),
Darbhanga,Biraul,,Prerna CLF,,
Darbhanga,Biraul,,Prithvi (CLF),Syngenta Foundation (SFI),
Darbhanga,Biraul,,Safal (CLF),Syngenta Foundation (SFI),
Darbhanga,Darbhanga,,Kaberi 17/1/2017,Syngenta Foundation (SFI),
Darbhanga,Darbhanga,,SADHANA FEDERATION (WDC) 21-11-2009,Syngenta Foundation (SFI),
Darbhanga,Darbhanga,,Umang_27-03-2021,Syngenta Foundation (SFI),
Darbhanga,Darbhanga,,vidhyapati 31/03/2018,Syngenta Foundation (SFI),
Darbhanga,Ghanshyampur,,BHARAT CLF 17/08/23,,
Darbhanga,Ghanshyampur,,Hindustan CLF 8/3/2022,Syngenta Foundation (SFI),
Darbhanga,Ghanshyampur,,Tiranga 25/02/2022,Syngenta Foundation (SFI),
Darbhanga,Gora Bauram,,Ganga CLF,,
Darbhanga,Gora Bauram,,KOSHI_07-03-2020,Syngenta Foundation (SFI),
Darbhanga,Gora Bauram,,Yamuna 23-03-2023,,
Darbhanga,Hanumannagar,,KALASH(CLF)27/03/2019,Syngenta Foundation (SFI),
Darbhanga,Hanumannagar,,Kanak,Syngenta Foundation (SFI),
Darbhanga,Hanumannagar,,KESHAR (CLF),Syngenta Foundation (SFI),
Darbhanga,Hayaghat,,JAGRITI 21.02.2017,Syngenta Foundation (SFI),
Darbhanga,Hayaghat,,Pragati,,
Darbhanga,Hayaghat,,Prakash Federation (WDC),Syngenta Foundation (SFI),
Darbhanga,Hayaghat,,Sanskar CLF,Syngenta Foundation (SFI),
Darbhanga,Jale,,AHILYA JEEVIKA MAHILA CLF_30/09/2023,,
Darbhanga,Jale,,AMRIT JEEVIKA MAHILA CLF _22/09/2023,,
Darbhanga,Jale,,ANMOL JEEVIKA MAHILA CLF 18/03/2019,Syngenta Foundation (SFI),
Darbhanga,Jale,,ANUPAM JEEVIKA MAHILA CLF_18/03/2021,Syngenta Foundation (SFI),
Darbhanga,Jale,,MADHUBAN JEEVIKA MAHILA CLF_18/03/2020,Syngenta Foundation (SFI),
Darbhanga,Keotiranway,,Indra CLF,Syngenta Foundation (SFI),
Darbhanga,Keotiranway,,Janseva CLF,Syngenta Foundation (SFI),
Darbhanga,Keotiranway,,Swarg CLF,Syngenta Foundation (SFI),
Darbhanga,Keotiranway,,Vikash CLF,,
Darbhanga,Kiratpur,,KAMLA CLF,,
Darbhanga,Kiratpur,,Kangan Clf,,
Darbhanga,Kusheshwar Asthan,,Annpurna CLF (III),Syngenta Foundation (SFI),
Darbhanga,Kusheshwar Asthan,,Hariyali CLF (1),Syngenta Foundation (SFI),
Darbhanga,Kusheshwar Asthan,,NARI EKTA CLF (II),,
Darbhanga,Kusheshwar Asthan (East),,Prabhat CLF,Syngenta Foundation (SFI),
Darbhanga,Kusheshwar Asthan (East),,Savera CLF,Syngenta Foundation (SFI),
Darbhanga,Kusheshwar Asthan (East),,Suryoday CLF,Syngenta Foundation (SFI),
Darbhanga,Manigachhi,,Mandakani CLF 30/03/2019,Syngenta Foundation (SFI),
Darbhanga,Manigachhi,,NAI DISHA (CLF) 13/3/21,,
Darbhanga,Manigachhi,,NAI JEEVAN 31/3/21,Syngenta Foundation (SFI),
Darbhanga,Manigachhi,,saheli 20/03/2018,Syngenta Foundation (SFI),
Darbhanga,Singhwara,,Gautam CLF,Syngenta Foundation (SFI),
Darbhanga,Singhwara,,Sanjivani CLF,Syngenta Foundation (SFI),
Darbhanga,Singhwara,,Shakti CLF,Syngenta Foundation (SFI),
Darbhanga,Singhwara,,Utkarsh,,
Darbhanga,Tardih,,DEEP CLF,,
Darbhanga,Tardih,,GYAN JEEVIKA,,
Darbhanga,Tardih,,YUG JEEVIKA CLF,,
Gaya,Amas,,Awtar,Syngenta Foundation (SFI),
Gaya,Amas,,Awtar,RCRC,
Gaya,Amas,,Ekta,Syngenta Foundation (SFI),
Gaya,Amas,,Sangam,Syngenta Foundation (SFI),
Gaya,Amas,,Sangam,RCRC,
Gaya,Atri,,Milan,Syngenta Foundation (SFI),
Gaya,Atri,,Sangam,Syngenta Foundation (SFI),
Gaya,Banke Bazar,,Adarsh WDC,,
Gaya,Banke Bazar,,Sahyog,,
Gaya,Banke Bazar,,Sakhi,,
Gaya,Barachatti,,Amar,Syngenta Foundation (SFI),
Gaya,Barachatti,,Amar,PRADAN,
Gaya,Barachatti,,Amrit,Syngenta Foundation (SFI),
Gaya,Barachatti,,Amrit,PRADAN,
Gaya,Barachatti,,Chandani SSMVSSL Jeevika,Syngenta Foundation (SFI),
Gaya,Barachatti,,Satyam,Syngenta Foundation (SFI),
Gaya,Belaganj,,Arohi,Microsave consulting (MSC),
Gaya,Belaganj,,Dhara,Microsave consulting (MSC),
Gaya,Belaganj,,Prithvi,Microsave consulting (MSC),
Gaya,Bodh Gaya,,Adarsh CLF,Syngenta Foundation (SFI),
Gaya,Bodh Gaya,,Adarsh CLF,PRADAN,
Gaya,Bodh Gaya,,EKta,Syngenta Foundation (SFI),
Gaya,Bodh Gaya,,Milan CLF,Syngenta Foundation (SFI),
Gaya,Bodh Gaya,,Sujata,Syngenta Foundation (SFI),
Gaya,Dobhi,,Juhi10/6/2023,,
Gaya,Dobhi,,Mahasagar,Syngenta Foundation (SFI),
Gaya,Dobhi,,Sagar.,Syngenta Foundation (SFI),
Gaya,Dobhi,,Sagar.,PRADAN,
Gaya,Dobhi,,Sangam,Syngenta Foundation (SFI),
Gaya,Dobhi,,Sanskar,Syngenta Foundation (SFI),
Gaya,Dumaria,,Aadarsh,,
Gaya,Dumaria,,Amrit,,
Gaya,Dumaria,,Aanchal,,
Gaya,Fatehpur,,Shagun,Syngenta Foundation (SFI),
Gaya,Fatehpur,,Sawera,Syngenta Foundation (SFI),
Gaya,Fatehpur,,Shaan,Syngenta Foundation (SFI),
Gaya,Gaya Town C.D.,,Darpan,Syngenta Foundation (SFI),
Gaya,Gaya Town C.D.,,Sahara,Syngenta Foundation (SFI),
Gaya,Gaya Town C.D.,,Sankalp,Syngenta Foundation (SFI),
Gaya,Guraru,,Magadh,Syngenta Foundation (SFI),
Gaya,Guraru,,Samrat,Syngenta Foundation (SFI),
Gaya,Guraru,,Virat,Syngenta Foundation (SFI),
Gaya,Guraru,,Virat,PRADAN,
Gaya,Gurua,,Badal,Syngenta Foundation (SFI),
Gaya,Gurua,,Bharati,Syngenta Foundation (SFI),
Gaya,Gurua,,Pragati,Syngenta Foundation (SFI),
Gaya,Gurua,,Tara,Syngenta Foundation (SFI),
Gaya,Gurua,,Tara,PRADAN,
Gaya,Imamganj,,Jivan 08/10/2018,,
Gaya,Imamganj,,Magadh,,
Gaya,Imamganj,,Pragati,,
Gaya,Khizirsarai,,Pragati,Syngenta Foundation (SFI),
Gaya,Khizirsarai,,Pragati,Microsave consulting (MSC),
Gaya,Khizirsarai,,Satyam,Syngenta Foundation (SFI),
Gaya,Khizirsarai,,Satyam,Microsave consulting (MSC),
Gaya,Khizirsarai,,Shivam,Syngenta Foundation (SFI),
Gaya,Khizirsarai,,Shivam,Microsave consulting (MSC),
Gaya,Khizirsarai,,Unnati,Syngenta Foundation (SFI),
Gaya,Khizirsarai,,Unnati,Microsave consulting (MSC),
Gaya,Konch,,Azad,,
Gaya,Konch,,Kranti,,
Gaya,Konch,,Sawan,,
Gaya,Manpur,,Aadarsh,Syngenta Foundation (SFI),
Gaya,Manpur,,Aanchal,Syngenta Foundation (SFI),
Gaya,Manpur,,Bharat 21/02/2013,Syngenta Foundation (SFI),
Gaya,Mohanpur,,Himalay,Syngenta Foundation (SFI),
Gaya,Mohanpur,,Kuber,Syngenta Foundation (SFI),
Gaya,Mohanpur,,Vasudha,Syngenta Foundation (SFI),
Gaya,Muhra,,Kalas,Syngenta Foundation (SFI),
Gaya,Muhra,,Mharani,Syngenta Foundation (SFI),
Gaya,Neem Chak Bathani,,Badhate Kadam,Syngenta Foundation (SFI),
Gaya,Neem Chak Bathani,,Lakshy,Syngenta Foundation (SFI),
Gaya,Paraiya,,Anpurana,Syngenta Foundation (SFI),
Gaya,Paraiya,,Kasturwa,Syngenta Foundation (SFI),
Gaya,Paraiya,,Vandana27/09/2016,Syngenta Foundation (SFI),
Gaya,Sherghati,,Jivan Jyoti,Syngenta Foundation (SFI),
Gaya,Sherghati,,Nari shakti,Syngenta Foundation (SFI),
Gaya,Sherghati,,Ujwal,Syngenta Foundation (SFI),
Gaya,Tan Kuppa,,Aditya,Syngenta Foundation (SFI),
Gaya,Tan Kuppa,,Aditya,Microsave consulting (MSC),
Gaya,Tan Kuppa,,Gaurav,Syngenta Foundation (SFI),
Gaya,Tan Kuppa,,Gaurav,Microsave consulting (MSC),
Gaya,Tan Kuppa,,Hindustan,Syngenta Foundation (SFI),
Gaya,Tan Kuppa,,Hindustan,Microsave consulting (MSC),
Gaya,Tikari,,Bandhan CLF,Syngenta Foundation (SFI),
Gaya,Tikari,,Gyan,,
Gaya,Tikari,,Uraan,Syngenta Foundation (SFI),
Gaya,Wazirganj,,Anchal,Syngenta Foundation (SFI),
Gaya,Wazirganj,,Gagan,Syngenta Foundation (SFI),
Gaya,Wazirganj,,Nari,Syngenta Foundation (SFI),
Gopalganj,Baikunthpur,,Basant jeevika Mahila CLF,,
Gopalganj,Baikunthpur,,Gandhi,Syngenta Foundation (SFI),
Gopalganj,Baikunthpur,,Shakti,Syngenta Foundation (SFI),
Gopalganj,Baikunthpur,,Sherawali,,
Gopalganj,Barauli,,Ajad,Syngenta Foundation (SFI),
Gopalganj,Barauli,,Prakash,Syngenta Foundation (SFI),
Gopalganj,Barauli,,Tejsh,Syngenta Foundation (SFI),
Gopalganj,Bhorey,,Dev 18/12/2019,,
Gopalganj,Bhorey,,Sahyogi,,
Gopalganj,Bhorey,,Samridhi,,
Gopalganj,Bijaipur,,Aadarsh,Syngenta Foundation (SFI),
Gopalganj,Bijaipur,,Samman,Syngenta Foundation (SFI),
Gopalganj,Bijaipur,,Saubhagya,,
Gopalganj,Gopalganj,,Anand,,
Gopalganj,Gopalganj,,Sangam,Syngenta Foundation (SFI),
Gopalganj,Gopalganj,,Vaishnav (Sadar Gopalganj),,
Gopalganj,Hathua,,Abhinav CLF,,
Gopalganj,Hathua,,Devi / CLF,,
Gopalganj,Hathua,,Himalaya Jeevika Mahila Vikas Swalambi Sahkari Sam,,
Gopalganj,Katiya,,Ekta,Syngenta Foundation (SFI),
Gopalganj,Katiya,,Sagar CLF,Syngenta Foundation (SFI),
Gopalganj,Katiya,,Sahyog CLF,Syngenta Foundation (SFI),
Gopalganj,Kuchaikote,,Aayushman,Syngenta Foundation (SFI),
Gopalganj,Kuchaikote,,Abhinandan,Syngenta Foundation (SFI),
Gopalganj,Kuchaikote,,Ashirwad,Syngenta Foundation (SFI),
Gopalganj,Kuchaikote,,Manglam,Syngenta Foundation (SFI),
Gopalganj,Kuchaikote,,Shashvat,,
Gopalganj,Manjha,,Bharat,Syngenta Foundation (SFI),
Gopalganj,Manjha,,Swabhiman CLF,Syngenta Foundation (SFI),
Gopalganj,Manjha,,Tiranga,Syngenta Foundation (SFI),
Gopalganj,Pach Deuri,,Gagan Jeevika SHG,,
Gopalganj,Pach Deuri,,Hindustan,,
Gopalganj,Pach Deuri,,Kalpana,,
Gopalganj,Pach Deuri,,Narishakti,,
Gopalganj,Phulwaria,,Jagriti,Syngenta Foundation (SFI),
Gopalganj,Phulwaria,,Mala,Syngenta Foundation (SFI),
Gopalganj,Phulwaria,,Nutan,Syngenta Foundation (SFI),
Gopalganj,Sidhwalia,,Kalyani,Syngenta Foundation (SFI),
Gopalganj,Sidhwalia,,Mousam,Syngenta Foundation (SFI),
Gopalganj,Sidhwalia,,Shrishti,Syngenta Foundation (SFI),
Gopalganj,Thawe,,Bharti CLF,,
Gopalganj,Thawe,,Jeevan CLF,,
Gopalganj,Uchkagaon,,Karuna,,
Gopalganj,Uchkagaon,,Sangam CLF,Syngenta Foundation (SFI),
Gopalganj,Uchkagaon,,Vishwas JeeVika Mahila Vikas Swa.Sahkari SamitiLTD,,
Jamui,Barhat,,EKTA,Syngenta Foundation (SFI),
Jamui,Barhat,,EKTA,PRADAN,
Jamui,Barhat,,KRANTI,Syngenta Foundation (SFI),
Jamui,Chakai,,Aradhna CLF,,
Jamui,Chakai,,Hindustan CLF,,
Jamui,Chakai,,Pragatishil CLF,,
Jamui,Chakai,,Tiranga,,
Jamui,Chakai,,Udan CLF,,
Jamui,Gidhaur,,Nari Shakti,Syngenta Foundation (SFI),
Jamui,Gidhaur,,Nari Shakti,PRADAN,
Jamui,Gidhaur,,Sankalp,Syngenta Foundation (SFI),
Jamui,Islamnagar Aliganj,,Deep,Syngenta Foundation (SFI),
Jamui,Islamnagar Aliganj,,Pahal,Syngenta Foundation (SFI),
Jamui,Islamnagar Aliganj,,Pahal,PRADAN,
Jamui,Islamnagar Aliganj,,Sakhi,,
Jamui,Jamui,,Bharat,Syngenta Foundation (SFI),
Jamui,Jamui,,Darpan,Syngenta Foundation (SFI),
Jamui,Jamui,,Swabhiman,Syngenta Foundation (SFI),
Jamui,Jhajha,,Adhikar,Syngenta Foundation (SFI),
Jamui,Jhajha,,Azad,Syngenta Foundation (SFI),
Jamui,Jhajha,,Azad,PRADAN,
Jamui,Jhajha,,Atal,Syngenta Foundation (SFI),
Jamui,Jhajha,,Avtar,Syngenta Foundation (SFI),
Jamui,Khaira,,BHUMI CLF,Syngenta Foundation (SFI),
Jamui,Khaira,,MUSHKAN CLF,Syngenta Foundation (SFI),
Jamui,Khaira,,SAHARA CLF,Syngenta Foundation (SFI),
Jamui,Lakshmipur,,Kamyab,,
Jamui,Lakshmipur,,KARTAVY,PRADAN,
Jamui,Lakshmipur,,Kushal,,
Jamui,Sikandra,,Sahyog,Syngenta Foundation (SFI),
Jamui,Sikandra,,Sahyog,PRADAN,
Jamui,Sikandra,,Sangharsh,Syngenta Foundation (SFI),
Jamui,Sikandra,,Sunahara CLF,Syngenta Foundation (SFI),
Jamui,Sono,,Parivartan,Syngenta Foundation (SFI),
Jamui,Sono,,Pragati,Syngenta Foundation (SFI),
Jamui,Sono,,Sangam,Syngenta Foundation (SFI),
Jehanabad,Ghoshi,,Badal,Syngenta Foundation (SFI),
Jehanabad,Ghoshi,,Sagar-BLF,Syngenta Foundation (SFI),
Jehanabad,Ghoshi,,UDAN CLF,,
Jehanabad,Hulasganj,,Naya Savera,Syngenta Foundation (SFI),
Jehanabad,Hulasganj,,Prakriti,Syngenta Foundation (SFI),
Jehanabad,Jehanabad,,Ganga Sagar,Syngenta Foundation (SFI),
Jehanabad,Jehanabad,,Mahasagar,Syngenta Foundation (SFI),
Jehanabad,Jehanabad,,Prayatna MNS,Syngenta Foundation (SFI),
Jehanabad,Kako,,OMCLF,Syngenta Foundation (SFI),
Jehanabad,Kako,,Satyam,Syngenta Foundation (SFI),
Jehanabad,Kako,,SHIVAM CLF,Syngenta Foundation (SFI),
Jehanabad,Kako,,SUNDRAM CLF,Syngenta Foundation (SFI),
Jehanabad,Makhdumpur,,Barabar,Syngenta Foundation (SFI),
Jehanabad,Makhdumpur,,Godawari,Syngenta Foundation (SFI),
Jehanabad,Makhdumpur,,Lakshya,,
Jehanabad,Makhdumpur,,Subh,Syngenta Foundation (SFI),
Jehanabad,Modanganj,,Ambar,Syngenta Foundation (SFI),
Jehanabad,Modanganj,,Unnati,Syngenta Foundation (SFI),
Jehanabad,Ratni Faridpur,,Sandesh,Syngenta Foundation (SFI),
Jehanabad,Ratni Faridpur,,Sangharsh,Syngenta Foundation (SFI),
Jehanabad,Ratni Faridpur,,Vijeta,Syngenta Foundation (SFI),
Kaimur (Bhabua),Adhaura,,Radhe Krishna,,
Kaimur (Bhabua),Adhaura,,Sangam,,
Kaimur (Bhabua),Bhabua,,ANUPAM JEEVIKA MAHILA CLF,Syngenta Foundation (SFI),
Kaimur (Bhabua),Bhabua,,NAWAL JEEVIKA MAHILA CLF,Syngenta Foundation (SFI),
Kaimur (Bhabua),Bhabua,,SHAKTI,Syngenta Foundation (SFI),
Kaimur (Bhabua),Bhagwanpur,,Gitanjali,Syngenta Foundation (SFI),
Kaimur (Bhabua),Bhagwanpur,,JEEVAN,Syngenta Foundation (SFI),
Kaimur (Bhabua),Bhagwanpur,,SANSAR,Syngenta Foundation (SFI),
Kaimur (Bhabua),Chainpur,,GYANDEEP,Syngenta Foundation (SFI),
Kaimur (Bhabua),Chainpur,,Sanskar,Syngenta Foundation (SFI),
Kaimur (Bhabua),Chainpur,,UPKAR,Syngenta Foundation (SFI),
Kaimur (Bhabua),Chand,,ABHINANDAN,Syngenta Foundation (SFI),
Kaimur (Bhabua),Chand,,BHARAT,Syngenta Foundation (SFI),
Kaimur (Bhabua),Chand,,DHARA,Syngenta Foundation (SFI),
Kaimur (Bhabua),Durgawati,,Anmol,Syngenta Foundation (SFI),
Kaimur (Bhabua),Durgawati,,MALA,Syngenta Foundation (SFI),
Kaimur (Bhabua),Durgawati,,Prarthana,Syngenta Foundation (SFI),
Kaimur (Bhabua),Kudra,,EKTA (CLF),Syngenta Foundation (SFI),
Kaimur (Bhabua),Kudra,,"SANKALP JEEVIKA MAHILA CLF- SAKARI, KUDRA",Syngenta Foundation (SFI),
Kaimur (Bhabua),Kudra,,SANSKAR,Syngenta Foundation (SFI),
Kaimur (Bhabua),Mohania,,JAGRITI (CLF),Syngenta Foundation (SFI),
Kaimur (Bhabua),Mohania,,Pragati,Syngenta Foundation (SFI),
Kaimur (Bhabua),Mohania,,UNNATI,Syngenta Foundation (SFI),
Kaimur (Bhabua),Nuaon,,DEEP (AKHANI CLF),Syngenta Foundation (SFI),
Kaimur (Bhabua),Nuaon,,HARIYALI (EWATI CLF),Syngenta Foundation (SFI),
Kaimur (Bhabua),Nuaon,,UJJWAL (MUKHRAW CLF),Syngenta Foundation (SFI),
Kaimur (Bhabua),Ramgarh,,DEVISHAKTI,Syngenta Foundation (SFI),
Kaimur (Bhabua),Ramgarh,,NARISHAKTI (CLF),Syngenta Foundation (SFI),
Kaimur (Bhabua),Ramgarh,,MAHILA SHAKTI,Syngenta Foundation (SFI),
Kaimur (Bhabua),Rampur,,Gagan,Syngenta Foundation (SFI),
Kaimur (Bhabua),Rampur,,Mahasagar,Syngenta Foundation (SFI),
Kaimur (Bhabua),Rampur,,Vashundhra,Syngenta Foundation (SFI),
Katihar,Amdabad,,Lakshmibai,Syngenta Foundation (SFI),
Katihar,Amdabad,,Maa Ganga,Syngenta Foundation (SFI),
Katihar,Amdabad,,Shakti Jeevika Mahila Vikas SSS Ltd.,Syngenta Foundation (SFI),
Katihar,Amdabad,,Shakti Jeevika Mahila Vikas SSS Ltd.,PRADAN,
Katihar,Azamnagar,,Jagriti,Syngenta Foundation (SFI),
Katihar,Azamnagar,,Mahananda,Syngenta Foundation (SFI),
Katihar,Azamnagar,,Sharamjiwi,Syngenta Foundation (SFI),
Katihar,Azamnagar,,Simanchal,Syngenta Foundation (SFI),
Katihar,Azamnagar,,Stuti,Syngenta Foundation (SFI),
Katihar,Balrampur,,Aradhana,Syngenta Foundation (SFI),
Katihar,Balrampur,,Archna,Syngenta Foundation (SFI),
Katihar,Balrampur,,Ibadat,Syngenta Foundation (SFI),
Katihar,Balrampur,,Ibadat,PRADAN,
Katihar,Barari,,Ekta10/03/2017,Syngenta Foundation (SFI),
Katihar,Barari,,Jivan Jyoti,Syngenta Foundation (SFI),
Katihar,Barari,,Ujjwal Jeevika Mahila Vikas SSS Ltd.,Syngenta Foundation (SFI),
Katihar,Barari,,Ujjwal Jeevika Mahila Vikas SSS Ltd.,PRADAN,
Katihar,Barsoi,,Azadi,Syngenta Foundation (SFI),
Katihar,Barsoi,,Inquilab,Syngenta Foundation (SFI),
Katihar,Barsoi,,Sagar Jeevika Mahila Vikas SSS Ltd.,Syngenta Foundation (SFI),
Katihar,Barsoi,,Seva,Syngenta Foundation (SFI),
Katihar,Barsoi,,Tiranga,Syngenta Foundation (SFI),
Katihar,Dandkhora,,Pahal Jeevika Mahila Vikas SSS Ltd.,Syngenta Foundation (SFI),
Katihar,Dandkhora,,Pahal Jeevika Mahila Vikas SSS Ltd.,PRADAN,
Katihar,Dandkhora,,Prakriti,Syngenta Foundation (SFI),
Katihar,Falka,,Niyati,Syngenta Foundation (SFI),
Katihar,Falka,,Sahmati,Syngenta Foundation (SFI),
Katihar,Falka,,Sahmati,PRADAN,
Katihar,Falka,,Samman,Syngenta Foundation (SFI),
Katihar,Hasanganj,,nari shakti,Syngenta Foundation (SFI),
Katihar,Hasanganj,,nari shakti,PRADAN,
Katihar,Kadwa,,Samriddhi,Syngenta Foundation (SFI),
Katihar,Kadwa,,Sanjeevini Jeevika Mahila Sankul Stariya Sangh,Syngenta Foundation (SFI),
Katihar,Kadwa,,Sanskar,Syngenta Foundation (SFI),
Katihar,Kadwa,,Swabhiman Jeevika Mahila Vikas SSS Ltd.,Syngenta Foundation (SFI),
Katihar,Kadwa,,Swadhin,Syngenta Foundation (SFI),
Katihar,Katihar,,Dharti Sagar,Syngenta Foundation (SFI),
Katihar,Katihar,,Ganga Sagar Jeevika Mahila SSS Ltd.,Syngenta Foundation (SFI),
Katihar,Katihar,,Ganga Sagar Jeevika Mahila SSS Ltd.,PRADAN,
Katihar,Korha,,Darpan Jeevika Mahila Vikas SSS Ltd.,Syngenta Foundation (SFI),
Katihar,Korha,,Darpan Jeevika Mahila Vikas SSS Ltd.,PRADAN,
Katihar,Korha,,Nidan,Syngenta Foundation (SFI),
Katihar,Korha,,Ram Rahim,Syngenta Foundation (SFI),
Katihar,Kursela,,Pratibha Jeevika Mahila Vikas SSS Ltd.,Syngenta Foundation (SFI),
Katihar,Kursela,,Pratibha Jeevika Mahila Vikas SSS Ltd.,PRADAN,
Katihar,Manihari,,Adhikar,Syngenta Foundation (SFI),
Katihar,Manihari,,Jagruk,Syngenta Foundation (SFI),
Katihar,Manihari,,Sangam Jeevika Mahila Vikas SSS Ltd.,Syngenta Foundation (SFI),
Katihar,Manihari,,Sangam Jeevika Mahila Vikas SSS Ltd.,PRADAN,
Katihar,Mansahi,,Sahyog,Syngenta Foundation (SFI),
Katihar,Mansahi,,Viswas,Syngenta Foundation (SFI),
Katihar,Pranpur,,Kalyani,Syngenta Foundation (SFI),
Katihar,Pranpur,,Lakshy,Syngenta Foundation (SFI),
Katihar,Pranpur,,Milan 01/03/2023,Syngenta Foundation (SFI),
Katihar,Sameli,,Pratishtha,Syngenta Foundation (SFI),
Katihar,Sameli,,Upkar Jeevika Mahila Vikas SSS Ltd.,Syngenta Foundation (SFI),
Katihar,Sameli,,Upkar Jeevika Mahila Vikas SSS Ltd.,PRADAN,
Khagaria,Alauli,,Jeevandhara,Syngenta Foundation (SFI),
Khagaria,Alauli,,Narishakti CLF,Syngenta Foundation (SFI),
Khagaria,Alauli,,Sagar CLF,Syngenta Foundation (SFI),
Khagaria,Alauli,,Sangam CLF,Syngenta Foundation (SFI),
Khagaria,Alauli,,Swabhiman,Syngenta Foundation (SFI),
Khagaria,Beldaur,,BAGICHA,Syngenta Foundation (SFI),
Khagaria,Beldaur,,MAA SHAKTI,Syngenta Foundation (SFI),
Khagaria,Beldaur,,PHULWARI,Syngenta Foundation (SFI),
Khagaria,Beldaur,,SANJU SRI,Syngenta Foundation (SFI),
Khagaria,Chautham,,Badhte Kadam,Syngenta Foundation (SFI),
Khagaria,Chautham,,Laxmi Bai,Syngenta Foundation (SFI),
Khagaria,Chautham,,Mashal,,
Khagaria,Chautham,,Nari Shakti,Syngenta Foundation (SFI),
Khagaria,Gogri,,Adarsh clf 02062011,Syngenta Foundation (SFI),
Khagaria,Gogri,,Ekta 15092017,Syngenta Foundation (SFI),
Khagaria,Gogri,,Jagrukata CLF,Syngenta Foundation (SFI),
Khagaria,Gogri,,Kartavya,Syngenta Foundation (SFI),
Khagaria,Gogri,,Unnati 24092018CLF,Syngenta Foundation (SFI),
Khagaria,Khagaria,,Aadhar,Syngenta Foundation (SFI),
Khagaria,Khagaria,,Adhikar CLF,Syngenta Foundation (SFI),
Khagaria,Khagaria,,Sanskar,Syngenta Foundation (SFI),
Khagaria,Khagaria,,Upkar,Syngenta Foundation (SFI),
Khagaria,Khagaria,,Vishal,Syngenta Foundation (SFI),
Khagaria,Mansi,,Deep14122021,Syngenta Foundation (SFI),
Khagaria,Mansi,,Prerna 14032018,Syngenta Foundation (SFI),
Khagaria,Parbatta,,Sampurn,Syngenta Foundation (SFI),
Khagaria,Parbatta,,Sangharsh,Syngenta Foundation (SFI),
Khagaria,Parbatta,,Sankalp,Syngenta Foundation (SFI),
Kishanganj,Bahadurganj,,Parwat 26/02/2022,Syngenta Foundation (SFI),
Kishanganj,Bahadurganj,,Prakash 01/02/2021,Syngenta Foundation (SFI),
Kishanganj,Bahadurganj,,Prayash 17/02/2021,Syngenta Foundation (SFI),
Kishanganj,Bahadurganj,,Shahil 25/02/2025,,
Kishanganj,Bahadurganj,,Tiranga 17/02/2020,Syngenta Foundation (SFI),
Kishanganj,Bahadurganj,,Umang 15122017,Syngenta Foundation (SFI),
Kishanganj,Bahadurganj,,Umang 15122017,PRADAN,
Kishanganj,Dighalbank,,Anchal (Lohagara) 07/03/2022,Syngenta Foundation (SFI),
Kishanganj,Dighalbank,,Anmol 03/03/2020,Syngenta Foundation (SFI),
Kishanganj,Dighalbank,,Chandani (Tarabari) 19/02/2020,Syngenta Foundation (SFI),
Kishanganj,Dighalbank,,Raunak 08/12/2017,Syngenta Foundation (SFI),
Kishanganj,Dighalbank,,Raunak 08/12/2017,PRADAN,
Kishanganj,Kishanganj,,Badhte Kadam 16/02/2020,Syngenta Foundation (SFI),
Kishanganj,Kishanganj,,Shagun 27/09/2018,Syngenta Foundation (SFI),
Kishanganj,Kishanganj,,Shagun 27/09/2018,PRADAN,
Kishanganj,Kishanganj,,Udan 05/03/2020,Syngenta Foundation (SFI),
Kishanganj,Kochadhamin,,Asha 04/02/2021,Syngenta Foundation (SFI),
Kishanganj,Kochadhamin,,Kalyani 17/02/2021,Syngenta Foundation (SFI),
Kishanganj,Kochadhamin,,Paridhi 22112017,Syngenta Foundation (SFI),
Kishanganj,Kochadhamin,,Paridhi 22112017,PRADAN,
Kishanganj,Kochadhamin,,Pratigya 13/03/2021,Syngenta Foundation (SFI),
Kishanganj,Kochadhamin,,Ujala 22/02/2022,Syngenta Foundation (SFI),
Kishanganj,Kochadhamin,,Vikas (Modho) 02/03/2020,Syngenta Foundation (SFI),
Kishanganj,Pothia,,Aman 02/03/2020,Syngenta Foundation (SFI),
Kishanganj,Pothia,,Aman 02/03/2020,PRADAN,
Kishanganj,Pothia,,Bharat 01/02/2021,Syngenta Foundation (SFI),
Kishanganj,Pothia,,Khushi 03122017,Syngenta Foundation (SFI),
Kishanganj,Pothia,,Khushi 03122017,PRADAN,
Kishanganj,Pothia,,Sahara 21/12/2022,Syngenta Foundation (SFI),
Kishanganj,Pothia,,Sanskar 28/02/2022,Syngenta Foundation (SFI),
Kishanganj,Terhagachh,,Sankalap,Syngenta Foundation (SFI),
Kishanganj,Terhagachh,,Shakti,Syngenta Foundation (SFI),
Kishanganj,Terhagachh,,Shakti,PRADAN,
Kishanganj,Terhagachh,,Vishvas,Syngenta Foundation (SFI),
Kishanganj,Thakurganj,,Aakash 08/03/2022,,
Kishanganj,Thakurganj,,Adhikar 19022020,Syngenta Foundation (SFI),
Kishanganj,Thakurganj,,Deep,Syngenta Foundation (SFI),
Kishanganj,Thakurganj,,Deep,PRADAN,
Kishanganj,Thakurganj,,Pragati 30.01.2021,Syngenta Foundation (SFI),
Kishanganj,Thakurganj,,Roshani 12/05/2022,Syngenta Foundation (SFI),
Kishanganj,Thakurganj,,Uday 17.02.2021,Syngenta Foundation (SFI),
Lakhisarai,Barahiya,,Anmol CLF,Syngenta Foundation (SFI),
Lakhisarai,Barahiya,,Jigyasa CLF,Syngenta Foundation (SFI),
Lakhisarai,Chanan*,,Aazad,Syngenta Foundation (SFI),
Lakhisarai,Chanan*,,Arpan,Syngenta Foundation (SFI),
Lakhisarai,Chanan*,,Nari-Kalyan,Syngenta Foundation (SFI),
Lakhisarai,Halsi,,Adhikar,Syngenta Foundation (SFI),
Lakhisarai,Halsi,,Gyan,Syngenta Foundation (SFI),
Lakhisarai,Lakhisarai,,Lakshya,Syngenta Foundation (SFI),
Lakhisarai,Lakhisarai,,Sarvodaya,Syngenta Foundation (SFI),
Lakhisarai,Pipariya,,Nirmal,Syngenta Foundation (SFI),
Lakhisarai,Ramgarh Chowk,,Rachna,Syngenta Foundation (SFI),
Lakhisarai,Ramgarh Chowk,,Upkar,Syngenta Foundation (SFI),
Lakhisarai,Surajgarha,,Gyan Ganga,Syngenta Foundation (SFI),
Lakhisarai,Surajgarha,,Jai Govind,Syngenta Foundation (SFI),
Lakhisarai,Surajgarha,,OOM,Syngenta Foundation (SFI),
Lakhisarai,Surajgarha,,Safal,Syngenta Foundation (SFI),
Lakhisarai,Surajgarha,,Unnati 090622,Syngenta Foundation (SFI),
Madhepura,Alamnagar,,Ayushman(21/03/2018),Syngenta Foundation (SFI),
Madhepura,Alamnagar,,Jaybharat CLF(25/03/2017),Syngenta Foundation (SFI),
Madhepura,Alamnagar,,Utsah(28/02/2020),Syngenta Foundation (SFI),
Madhepura,Bihariganj,,Aanand,Syngenta Foundation (SFI),
Madhepura,Bihariganj,,Muskan,Syngenta Foundation (SFI),
Madhepura,Bihariganj,,Nav jivan,Syngenta Foundation (SFI),
Madhepura,Chausa,,PRERNA (10/03/2018) C.L.F,Syngenta Foundation (SFI),
Madhepura,Chausa,,Sankalp(31-03-17)CLF,,
Madhepura,Chausa,,VISHWAS 27-03-2017 CLF,Syngenta Foundation (SFI),
Madhepura,Gamharia,,MITHILA CLF (24/3/2017),Syngenta Foundation (SFI),
Madhepura,Gamharia,,NAV-DURGA (CLF) 20/03/2018,Syngenta Foundation (SFI),
Madhepura,Gamharia,,Raj Laxmi CLF(19/03/2018),Syngenta Foundation (SFI),
Madhepura,Ghailarh,,Aradhana (23-03-2021),Syngenta Foundation (SFI),
Madhepura,Ghailarh,,sadbhavana 28/03/2017,Syngenta Foundation (SFI),
Madhepura,Ghailarh,,Sanskar (25-03-2021),Syngenta Foundation (SFI),
Madhepura,Gwalpara,,Jagriti 26/2/2014,Syngenta Foundation (SFI),
Madhepura,Gwalpara,,Janani,Syngenta Foundation (SFI),
Madhepura,Gwalpara,,Yamuna,Syngenta Foundation (SFI),
Madhepura,Kishanganj,,Gandhi,Syngenta Foundation (SFI),
Madhepura,Kishanganj,,Prithvi,Syngenta Foundation (SFI),
Madhepura,Kishanganj,,Swshakti,Syngenta Foundation (SFI),
Madhepura,Kumarkhand,,Himalaya CLF,Syngenta Foundation (SFI),
Madhepura,Kumarkhand,,Kiran CLF,Syngenta Foundation (SFI),
Madhepura,Kumarkhand,,Prayas CLF,Syngenta Foundation (SFI),
Madhepura,Kumarkhand,,Suraj CLF,Syngenta Foundation (SFI),
Madhepura,Madhepura,,Bharti(24-12-14),Syngenta Foundation (SFI),
Madhepura,Madhepura,,Pragati(9-6-14),Syngenta Foundation (SFI),
Madhepura,Madhepura,,Sagar(11-6-14),Syngenta Foundation (SFI),
Madhepura,Murliganj,,Mehnat 7/6/2014,Syngenta Foundation (SFI),
Madhepura,Murliganj,,Parishram 10/6/2014,Syngenta Foundation (SFI),
Madhepura,Murliganj,,Unnati 25/2/2014,Syngenta Foundation (SFI),
Madhepura,Puraini,,Anmol,Syngenta Foundation (SFI),
Madhepura,Puraini,,Nari Shakti (27/01/2018),Syngenta Foundation (SFI),
Madhepura,Puraini,,Uphar(22/03/2018),Syngenta Foundation (SFI),
Madhepura,Shankarpur,,Hira 28/02/2020,Syngenta Foundation (SFI),
Madhepura,Shankarpur,,Janki 24/3/2017,Syngenta Foundation (SFI),
Madhepura,Shankarpur,,Moti 06/03/2020,Syngenta Foundation (SFI),
Madhepura,Singheshwar,,Koshi(20-03-2017),Syngenta Foundation (SFI),
Madhepura,Singheshwar,,Kushal(26.03.2018),Syngenta Foundation (SFI),
Madhepura,Singheshwar,,Safal(29-03-2017),Syngenta Foundation (SFI),
Madhubani,Andhratharhi,,Gyan CLF,,
Madhubani,Andhratharhi,,LAKSHY,,
Madhubani,Andhratharhi,,SANGAM,,
Madhubani,Babubarhi,,Bharat,Syngenta Foundation (SFI),
Madhubani,Babubarhi,,Jagat,Syngenta Foundation (SFI),
Madhubani,Babubarhi,,Jay Hind,,
Madhubani,Babubarhi,,SAKHI,Syngenta Foundation (SFI),
Madhubani,Basopatti,,Amrit,Syngenta Foundation (SFI),
Madhubani,Basopatti,,Kalyan,,
Madhubani,Basopatti,,Shakti,,
Madhubani,Benipatti,,MAITHILI,,
Madhubani,Benipatti,,Mithla CLF,,
Madhubani,Benipatti,,SWYAN SHAKTI,,
Madhubani,Benipatti,,Swyansiddha,,
Madhubani,Benipatti,,TIRANGA CLF,,
Madhubani,Benipatti,,Tirhut,,
Madhubani,Bisfi,,JIVAN VIKASH,,
Madhubani,Bisfi,,MAHA SHAKTI,,
Madhubani,Bisfi,,PARIVARTAN,,
Madhubani,Ghoghardiha,,Jai Bhumi CLF,Syngenta Foundation (SFI),
Madhubani,Ghoghardiha,,Kranti CLF,,
Madhubani,Ghoghardiha,,SWARG,,
Madhubani,Harlakhi,,AZAD,Syngenta Foundation (SFI),
Madhubani,Harlakhi,,ANAND,,
Madhubani,Harlakhi,,ARPAN,,
Madhubani,Jainagar,,AKASH,Syngenta Foundation (SFI),
Madhubani,Jainagar,,BADAL,Syngenta Foundation (SFI),
Madhubani,Jainagar,,INDRA,Syngenta Foundation (SFI),
Madhubani,Jhanjharpur,,Lakshmi Baai,Syngenta Foundation (SFI),
Madhubani,Jhanjharpur,,Nari,,
Madhubani,Jhanjharpur,,Mahila shakti,Syngenta Foundation (SFI),
Madhubani,Kaluahi,,Sankalp,Syngenta Foundation (SFI),
Madhubani,Kaluahi,,Utsah,Syngenta Foundation (SFI),
Madhubani,Khajauli,,Bharat Mata,,
Madhubani,Khajauli,,Laxmibai,Syngenta Foundation (SFI),
Madhubani,Khajauli,,Mithila,Syngenta Foundation (SFI),
Madhubani,Ladania,,HINDUSTAN,,
Madhubani,Ladania,,PRAKASH,,
Madhubani,Ladania,,VISHWASH,,
Madhubani,Lakhnaur,,Adarsh,,
Madhubani,Lakhnaur,,Kalash,Syngenta Foundation (SFI),
Madhubani,Lakhnaur,,Vikash CLF,Syngenta Foundation (SFI),
Madhubani,Laukaha,,SABAL JEEVIKA CLF(LAUKAHA),Syngenta Foundation (SFI),
Madhubani,Laukaha,,SAMAGAM JEEVIKA CLF(KHUTAUNA),Syngenta Foundation (SFI),
Madhubani,Laukaha,,UMMID JEEVIKA CLF(DURGIPATTI),Syngenta Foundation (SFI),
Madhubani,Laukahi,,Parivar,,
Madhubani,Laukahi,,Swabhiman,,
Madhubani,Laukahi,,MAHILA VIKAS,Syngenta Foundation (SFI),
Madhubani,Madhepur,,Jagran CLF,Syngenta Foundation (SFI),
Madhubani,Madhepur,,Koshi,,
Madhubani,Madhepur,,Nari Ekta,Syngenta Foundation (SFI),
Madhubani,Madhepur,,Parasmani CLF,Syngenta Foundation (SFI),
Madhubani,Madhepur,,Sawan,,
Madhubani,Madhubani,,Mithila Shakti,Syngenta Foundation (SFI),
Madhubani,Madhubani,,NIRMAN,Syngenta Foundation (SFI),
Madhubani,Madhubani,,VIDHATA,Syngenta Foundation (SFI),
Madhubani,Madhwapur,,Anubhav,,
Madhubani,Madhwapur,,Gyan Jyoti,,
Madhubani,Madhwapur,,MAHILA SHAKTI,,
Madhubani,Pandaul,,Aakanksha,,
Madhubani,Pandaul,,Abhilasha,Syngenta Foundation (SFI),
Madhubani,Pandaul,,Chahat,,
Madhubani,Phulparas,,ANKUR,,
Madhubani,Phulparas,,Jagriti,,
Madhubani,Phulparas,,Navjeevan,,
Madhubani,Rajnagar,,PRAYAS,Syngenta Foundation (SFI),
Madhubani,Rajnagar,,SAFAL,Syngenta Foundation (SFI),
Madhubani,Rajnagar,,VISHWAS,Syngenta Foundation (SFI),
Munger,Asarganj,,Aum,Syngenta Foundation (SFI),
Munger,Asarganj,,Darpan,Syngenta Foundation (SFI),
Munger,Bariarpur,,Arpan18/1/2017,Syngenta Foundation (SFI),
Munger,Bariarpur,,Samarpan 28/09/2016,Syngenta Foundation (SFI),
Munger,Bariarpur,,Sarthak,,
Munger,Dharhara,,Adhikar (30.01.2018),Syngenta Foundation (SFI),
Munger,Dharhara,,Pahal,Syngenta Foundation (SFI),
Munger,Dharhara,,Saksham,Syngenta Foundation (SFI),
Munger,Jamalpur,,Aashiyana 31.03.2018,Syngenta Foundation (SFI),
Munger,Jamalpur,,Basera,Syngenta Foundation (SFI),
Munger,Kharagpur,,Abhilasha,Syngenta Foundation (SFI),
Munger,Kharagpur,,Astha,Syngenta Foundation (SFI),
Munger,Kharagpur,,Harsh,Syngenta Foundation (SFI),
Munger,Munger,,Prakash,Syngenta Foundation (SFI),
Munger,Munger,,Sujata_20032021,Syngenta Foundation (SFI),
Munger,Munger,,Vishwash,Syngenta Foundation (SFI),
Munger,Sangrampur,,Sarvshresth 29.11.2017,Syngenta Foundation (SFI),
Munger,Sangrampur,,Utkarsh 13.11.2017,Syngenta Foundation (SFI),
Munger,Tarapur,,Prayas,Syngenta Foundation (SFI),
Munger,Tarapur,,SRISTY09022020,Syngenta Foundation (SFI),
Munger,Tetiha Bambor,,Gaurav,Syngenta Foundation (SFI),
Munger,Tetiha Bambor,,Kushal,Syngenta Foundation (SFI),
Muzaffarpur,Aurai,,Abhinav CLF,Syngenta Foundation (SFI),
Muzaffarpur,Aurai,,Abhinav CLF,PRADAN,
Muzaffarpur,Aurai,,Amar CLF,Syngenta Foundation (SFI),
Muzaffarpur,Aurai,,Jeevan Jyoti CLF,Syngenta Foundation (SFI),
Muzaffarpur,Aurai,,Shaktiman C L F,Syngenta Foundation (SFI),
Muzaffarpur,Bandra,,Darsan,Syngenta Foundation (SFI),
Muzaffarpur,Bandra,,Pratigya,Syngenta Foundation (SFI),
Muzaffarpur,Bandra,,SANSAR CLF,Syngenta Foundation (SFI),
Muzaffarpur,Baruraj (Motipur),,Darpan 27.2.17,Syngenta Foundation (SFI),
Muzaffarpur,Baruraj (Motipur),,Hindustan C L F 23/02/18,Syngenta Foundation (SFI),
Muzaffarpur,Baruraj (Motipur),,Hindustan C L F 23/02/18,PRADAN,
Muzaffarpur,Baruraj (Motipur),,Milan7.2.17,Syngenta Foundation (SFI),
Muzaffarpur,Baruraj (Motipur),,Mishal,Syngenta Foundation (SFI),
Muzaffarpur,Baruraj (Motipur),,Sawera,Syngenta Foundation (SFI),
Muzaffarpur,Baruraj (Motipur),,Sawera,PRADAN,
Muzaffarpur,Bochaha,,DEEPMALA,Syngenta Foundation (SFI),
Muzaffarpur,Bochaha,,DEEPMALA,PRADAN,
Muzaffarpur,Bochaha,,KIRANMALA,Syngenta Foundation (SFI),
Muzaffarpur,Bochaha,,MALA,Syngenta Foundation (SFI),
Muzaffarpur,Bochaha,,MALA,PRADAN,
Muzaffarpur,Bochaha,,PHULMALA,Syngenta Foundation (SFI),
Muzaffarpur,Bochaha,,PHULMALA,PRADAN,
Muzaffarpur,Bochaha,,VISHAL,Syngenta Foundation (SFI),
Muzaffarpur,Bochaha,,VISHAL,PRADAN,
Muzaffarpur,Dholi (Moraul),,PRAGATISHEEL,Syngenta Foundation (SFI),
Muzaffarpur,Dholi (Moraul),,PRAGATISHEEL,RCRC,
Muzaffarpur,Dholi (Moraul),,PRAKASH,Syngenta Foundation (SFI),
Muzaffarpur,Dholi (Moraul),,PRAKASH,PRADAN,
Muzaffarpur,Gaighat,,Gyandeep,Syngenta Foundation (SFI),
Muzaffarpur,Gaighat,,Gyandeep,PRADAN,
Muzaffarpur,Gaighat,,Jagran,Syngenta Foundation (SFI),
Muzaffarpur,Gaighat,,MAA CLF,Syngenta Foundation (SFI),
Muzaffarpur,Gaighat,,Surakasha,Syngenta Foundation (SFI),
Muzaffarpur,Kanti,,Aprajeeta,Syngenta Foundation (SFI),
Muzaffarpur,Kanti,,Astha,Syngenta Foundation (SFI),
Muzaffarpur,Kanti,,Sagar CLF,Syngenta Foundation (SFI),
Muzaffarpur,Kanti,,Saugandh,Syngenta Foundation (SFI),
Muzaffarpur,Katra,,Anmol,Syngenta Foundation (SFI),
Muzaffarpur,Katra,,Arman,Syngenta Foundation (SFI),
Muzaffarpur,Katra,,MOHIT,Syngenta Foundation (SFI),
Muzaffarpur,Katra,,Raushni,Syngenta Foundation (SFI),
Muzaffarpur,Katra,,Saubhagya,Syngenta Foundation (SFI),
Muzaffarpur,Kurhani,,Azad,Syngenta Foundation (SFI),
Muzaffarpur,Kurhani,,Gyan,Syngenta Foundation (SFI),
Muzaffarpur,Kurhani,,Kasturba,Syngenta Foundation (SFI),
Muzaffarpur,Kurhani,,Mira CLF,Syngenta Foundation (SFI),
Muzaffarpur,Kurhani,,Nari Shakti,Syngenta Foundation (SFI),
Muzaffarpur,Kurhani,,Shakti18012017,Syngenta Foundation (SFI),
Muzaffarpur,Marwan,,JAY HIND,Syngenta Foundation (SFI),
Muzaffarpur,Marwan,,JAY HIND,PRADAN,
Muzaffarpur,Marwan,,Sahyog,Syngenta Foundation (SFI),
Muzaffarpur,Marwan,,Sahyog,PRADAN,
Muzaffarpur,Marwan,,Sangharsh,Syngenta Foundation (SFI),
Muzaffarpur,Minapur,,Bharat,Syngenta Foundation (SFI),
Muzaffarpur,Minapur,,Bharat,PRADAN,
Muzaffarpur,Minapur,,Khushi CLF,Syngenta Foundation (SFI),
Muzaffarpur,Minapur,,Khushi CLF,PRADAN,
Muzaffarpur,Minapur,,Khushi CLF,RCRC,
Muzaffarpur,Minapur,,Minapur Pragatishil federation,Syngenta Foundation (SFI),
Muzaffarpur,Minapur,,Prakash CLF,,
Muzaffarpur,Minapur,,Vikash,Syngenta Foundation (SFI),
Muzaffarpur,Minapur,,Vikash,RCRC,
Muzaffarpur,Musahri,,Mausham,Syngenta Foundation (SFI),
Muzaffarpur,Musahri,,Mausham,PRADAN,
Muzaffarpur,Musahri,,Sangam,Syngenta Foundation (SFI),
Muzaffarpur,Musahri,,Sangam,PRADAN,
Muzaffarpur,Musahri,,Sarvotam,Syngenta Foundation (SFI),
Muzaffarpur,Musahri,,Sarvotam,PRADAN,
Muzaffarpur,Musahri,,Uattam,Syngenta Foundation (SFI),
Muzaffarpur,Musahri,,Uattam,PRADAN,
Muzaffarpur,Paroo,,Aradhana,Syngenta Foundation (SFI),
Muzaffarpur,Paroo,,Narayani,Syngenta Foundation (SFI),
Muzaffarpur,Paroo,,Narayani,PRADAN,
Muzaffarpur,Paroo,,PRABHAT,Syngenta Foundation (SFI),
Muzaffarpur,Paroo,,Shree,Syngenta Foundation (SFI),
Muzaffarpur,Paroo,,Srishti,Syngenta Foundation (SFI),
Muzaffarpur,Sahebganj,,Sanjivni,Syngenta Foundation (SFI),
Muzaffarpur,Sahebganj,,Sanskar,Syngenta Foundation (SFI),
Muzaffarpur,Sahebganj,,Siddhant,Syngenta Foundation (SFI),
Muzaffarpur,Sakra,,ANAND,Syngenta Foundation (SFI),
Muzaffarpur,Sakra,,ANAND,PRADAN,
Muzaffarpur,Sakra,,Badhte Kadam,Syngenta Foundation (SFI),
Muzaffarpur,Sakra,,HIMALAYA,Syngenta Foundation (SFI),
Muzaffarpur,Sakra,,MASHAL,Syngenta Foundation (SFI),
Muzaffarpur,Sakra,,MASHAL,RCRC,
Muzaffarpur,Sakra,,SATYAM,Syngenta Foundation (SFI),
Muzaffarpur,Sakra,,SATYAM,PRADAN,
Muzaffarpur,Saraiya,,Jhanshi,Syngenta Foundation (SFI),
Muzaffarpur,Saraiya,,Jhanshi,PRADAN,
Muzaffarpur,Saraiya,,Kranti,Syngenta Foundation (SFI),
Muzaffarpur,Saraiya,,Kranti,PRADAN,
Muzaffarpur,Saraiya,,Sarvoday,Syngenta Foundation (SFI),
Nalanda,Asthawan,,Amrit,Syngenta Foundation (SFI),
Nalanda,Asthawan,,Amrit,PRADAN,
Nalanda,Asthawan,,Janani,Syngenta Foundation (SFI),
Nalanda,Asthawan,,Janani,PRADAN,
Nalanda,Asthawan,,Jeevan Jyoti sway sidha,Syngenta Foundation (SFI),
Nalanda,Ben,,Aanchal,Syngenta Foundation (SFI),
Nalanda,Ben,,Aanchal,PRADAN,
Nalanda,Ben,,Ganpati,Syngenta Foundation (SFI),
Nalanda,Ben,,Khushihali,Syngenta Foundation (SFI),
Nalanda,Ben,,Khushihali,PRADAN,
Nalanda,Bihar,,Samridhi,PRADAN,
Nalanda,Bihar,,Sankalp,Syngenta Foundation (SFI),
Nalanda,Bihar,,Sanskar,Syngenta Foundation (SFI),
Nalanda,Bihar,,Shakti CLF,Syngenta Foundation (SFI),
Nalanda,Bihar,,Shakti CLF,PRADAN,
Nalanda,Bind,,Sugam,Microsave consulting (MSC),
Nalanda,Chandi,,Arman,Syngenta Foundation (SFI),
Nalanda,Chandi,,Arman,Microsave consulting (MSC),
Nalanda,Chandi,,Chandani,Syngenta Foundation (SFI),
Nalanda,Chandi,,Chandani,Microsave consulting (MSC),
Nalanda,Chandi,,Sankalp,Syngenta Foundation (SFI),
Nalanda,Chandi,,Sankalp,Microsave consulting (MSC),
Nalanda,Ekangarsarai,,Aradhana,Syngenta Foundation (SFI),
Nalanda,Ekangarsarai,,Aradhana,Microsave consulting (MSC),
Nalanda,Ekangarsarai,,HIMMAT,Syngenta Foundation (SFI),
Nalanda,Ekangarsarai,,HIMMAT,Microsave consulting (MSC),
Nalanda,Ekangarsarai,,Narmada,Syngenta Foundation (SFI),
Nalanda,Ekangarsarai,,Narmada,Microsave consulting (MSC),
Nalanda,Giriak,,Deepak,Syngenta Foundation (SFI),
Nalanda,Giriak,,Deepak,Microsave consulting (MSC),
Nalanda,Giriak,,Sahara,Syngenta Foundation (SFI),
Nalanda,Giriak,,Sahara,Microsave consulting (MSC),
Nalanda,Harnaut,,Chand,Syngenta Foundation (SFI),
Nalanda,Harnaut,,Chand,PRADAN,
Nalanda,Harnaut,,Chand,Microsave consulting (MSC),
Nalanda,Harnaut,,Nari,Syngenta Foundation (SFI),
Nalanda,Harnaut,,Nari,Microsave consulting (MSC),
Nalanda,Harnaut,,Tara,Syngenta Foundation (SFI),
Nalanda,Harnaut,,Tara,PRADAN,
Nalanda,Harnaut,,Tara,Microsave consulting (MSC),
Nalanda,Hilsa,,DARPAN,Syngenta Foundation (SFI),
Nalanda,Hilsa,,DARPAN,Microsave consulting (MSC),
Nalanda,Hilsa,,Pragati,Syngenta Foundation (SFI),
Nalanda,Hilsa,,Pragati,Microsave consulting (MSC),
Nalanda,Hilsa,,SUHANI,Syngenta Foundation (SFI),
Nalanda,Hilsa,,SUHANI,Microsave consulting (MSC),
Nalanda,Islampur,,Abhiyan,Syngenta Foundation (SFI),
Nalanda,Islampur,,Abhiyan,Microsave consulting (MSC),
Nalanda,Islampur,,Ankur,Syngenta Foundation (SFI),
Nalanda,Islampur,,Ankur,PRADAN,
Nalanda,Islampur,,Ankur,Microsave consulting (MSC),
Nalanda,Islampur,,Jigyasa,Syngenta Foundation (SFI),
Nalanda,Islampur,,Jigyasa,PRADAN,
Nalanda,Islampur,,Jigyasa,Microsave consulting (MSC),
Nalanda,Islampur,,Sarvotam,Syngenta Foundation (SFI),
Nalanda,Islampur,,Sarvotam,Microsave consulting (MSC),
Nalanda,Karai Parsurai,,Arman,Syngenta Foundation (SFI),
Nalanda,Karai Parsurai,,Arman,Microsave consulting (MSC),
Nalanda,Karai Parsurai,,Mausam,Syngenta Foundation (SFI),
Nalanda,Karai Parsurai,,Mausam,PRADAN,
Nalanda,Karai Parsurai,,Mausam,Microsave consulting (MSC),
Nalanda,Katrisarai,,Jagruk,Microsave consulting (MSC),
Nalanda,Nagar Nausa,,Ekta,Syngenta Foundation (SFI),
Nalanda,Nagar Nausa,,Ekta,PRADAN,
Nalanda,Nagar Nausa,,Ekta,Microsave consulting (MSC),
Nalanda,Nagar Nausa,,Muskan,Syngenta Foundation (SFI),
Nalanda,Nagar Nausa,,Muskan,Microsave consulting (MSC),
Nalanda,Nagar Nausa,,Utsaw,Syngenta Foundation (SFI),
Nalanda,Nagar Nausa,,Utsaw,PRADAN,
Nalanda,Nagar Nausa,,Utsaw,Microsave consulting (MSC),
Nalanda,Noorsarai,,Jagran,Syngenta Foundation (SFI),
Nalanda,Noorsarai,,Jagran,Microsave consulting (MSC),
Nalanda,Noorsarai,,Tajmahal,Syngenta Foundation (SFI),
Nalanda,Noorsarai,,Tajmahal,PRADAN,
Nalanda,Noorsarai,,Tajmahal,Microsave consulting (MSC),
Nalanda,Noorsarai,,Vishal,Syngenta Foundation (SFI),
Nalanda,Noorsarai,,Vishal,PRADAN,
Nalanda,Noorsarai,,Vishal,Microsave consulting (MSC),
Nalanda,Parbalpur,,Khushhali,Syngenta Foundation (SFI),
Nalanda,Parbalpur,,Khushhali,PRADAN,
Nalanda,Parbalpur,,Khushhali,Microsave consulting (MSC),
Nalanda,Parbalpur,,Muskan,Syngenta Foundation (SFI),
Nalanda,Parbalpur,,Muskan,PRADAN,
Nalanda,Parbalpur,,Muskan,Microsave consulting (MSC),
Nalanda,Rahui,,Jagriti,PRADAN,
Nalanda,Rahui,,Jagriti,Microsave consulting (MSC),
Nalanda,Rahui,,Manokamna,PRADAN,
Nalanda,Rahui,,Manokamna,Microsave consulting (MSC),
Nalanda,Rahui,,Sagar,Microsave consulting (MSC),
Nalanda,Rajgir,,GYAAN,Syngenta Foundation (SFI),
Nalanda,Rajgir,,GYAAN,PRADAN,
Nalanda,Rajgir,,GYAAN,Microsave consulting (MSC),
Nalanda,Rajgir,,Hariyali,Syngenta Foundation (SFI),
Nalanda,Rajgir,,Hariyali,PRADAN,
Nalanda,Rajgir,,Hariyali,Microsave consulting (MSC),
Nalanda,Rajgir,,Nari Shakti,Syngenta Foundation (SFI),
Nalanda,Rajgir,,Nari Shakti,PRADAN,
Nalanda,Rajgir,,Nari Shakti,Microsave consulting (MSC),
Nalanda,Sarmera,,Khushi,Syngenta Foundation (SFI),
Nalanda,Sarmera,,Khushi,PRADAN,
Nalanda,Sarmera,,Khushi,Microsave consulting (MSC),
Nalanda,Sarmera,,Pahal,Syngenta Foundation (SFI),
Nalanda,Sarmera,,Pahal,PRADAN,
Nalanda,Sarmera,,Pahal,Microsave consulting (MSC),
Nalanda,Sarmera,,Suman,Syngenta Foundation (SFI),
Nalanda,Sarmera,,Suman,Microsave consulting (MSC),
Nalanda,Silao,,Safal,Syngenta Foundation (SFI),
Nalanda,Silao,,Safal,PRADAN,
Nalanda,Silao,,Safal,Microsave consulting (MSC),
Nalanda,Silao,,Sarthak,Syngenta Foundation (SFI),
Nalanda,Silao,,Sarthak,PRADAN,
Nalanda,Silao,,Sarthak,Microsave consulting (MSC),
Nalanda,Silao,,Sarthi,Syngenta Foundation (SFI),
Nalanda,Silao,,Sarthi,PRADAN,
Nalanda,Silao,,Sarthi,Microsave consulting (MSC),
Nalanda,Tharthari,,Prerna,Syngenta Foundation (SFI),
Nalanda,Tharthari,,Prerna,Microsave consulting (MSC),
Nalanda,Tharthari,,Uddan,Syngenta Foundation (SFI),
Nalanda,Tharthari,,Uddan,Microsave consulting (MSC),
Nawada,Akbarpur,,Aman,C3,
Nawada,Akbarpur,,Aman,Syngenta Foundation (SFI),
Nawada,Akbarpur,,Atal,C3,
Nawada,Akbarpur,,Atal,Syngenta Foundation (SFI),
Nawada,Akbarpur,,Unnati,C3,
Nawada,Akbarpur,,Unnati,Syngenta Foundation (SFI),
Nawada,Akbarpur,,Unnati,PRADAN,
Nawada,Gobindpur,,Adarsh(Govindpur)CLF,C3,
Nawada,Gobindpur,,Adarsh(Govindpur)CLF,PRADAN,
Nawada,Gobindpur,,Adhar(Thali)CLF,C3,
Nawada,Gobindpur,,Aanchal Baksoti (CLF),C3,
Nawada,Hisua,,Ganga(25/03/2021),C3,
Nawada,Hisua,,Ganga(25/03/2021),Syngenta Foundation (SFI),
Nawada,Hisua,,Himalaya(16/03/2018),C3,
Nawada,Hisua,,Himalaya(16/03/2018),Syngenta Foundation (SFI),
Nawada,Hisua,,Himalaya(16/03/2018),PRADAN,
Nawada,Hisua,,Sanjivani(14/09/2019),C3,
Nawada,Hisua,,Sanjivani(14/09/2019),Syngenta Foundation (SFI),
Nawada,Kashi Chak,,Mahak Jeevika Mahila Vikash Swawlambi S. S. Ltd.,C3,
Nawada,Kashi Chak,,Mahak Jeevika Mahila Vikash Swawlambi S. S. Ltd.,PRADAN,
Nawada,Kawakol,,Sandesh(Kauakol),C3,
Nawada,Kawakol,,Sandesh(Kauakol),Syngenta Foundation (SFI),
Nawada,Kawakol,,Sandesh(Kauakol),PRADAN,
Nawada,Kawakol,,Swagatam Jeevika Mahila Sankul Sang (Kawakol),C3,
Nawada,Kawakol,,Swagatam Jeevika Mahila Sankul Sang (Kawakol),Syngenta Foundation (SFI),
Nawada,Kawakol,,Swarg (Shekhodewra),C3,
Nawada,Kawakol,,Swarg (Shekhodewra),Syngenta Foundation (SFI),
Nawada,Meskaur,,Bhumi (Sitamadhi),C3,
Nawada,Meskaur,,Kalyani(CLF),C3,
Nawada,Meskaur,,Kalyani(CLF),PRADAN,
Nawada,Meskaur,,Nari Shakti(CLF),C3,
Nawada,Nardiganj,,Sansar (Nardiganj),C3,
Nawada,Nardiganj,,Sansar (Nardiganj),Syngenta Foundation (SFI),
Nawada,Nardiganj,,Sansar (Nardiganj),PRADAN,
Nawada,Nardiganj,,Suhagan (Nardiganj),C3,
Nawada,Nardiganj,,Suhagan (Nardiganj),Syngenta Foundation (SFI),
Nawada,Nardiganj,,Suhagan (Nardiganj),PRADAN,
Nawada,Narhat,,Saphal (Narhat),C3,
Nawada,Narhat,,Saphal (Narhat),Syngenta Foundation (SFI),
Nawada,Narhat,,Saphal (Narhat),PRADAN,
Nawada,Narhat,,Satyam CLF (Cluster-Punaul),C3,
Nawada,Narhat,,Satyam CLF (Cluster-Punaul),Syngenta Foundation (SFI),
Nawada,Narhat,,Tiranga (Jamuara),C3,
Nawada,Narhat,,Tiranga (Jamuara),Syngenta Foundation (SFI),
Nawada,Nawada,,Akash Jeevika,C3,
Nawada,Nawada,,Gagan Jeevika Mahila v.s.s.s.l (Kharidibigha),C3,
Nawada,Nawada,,Gagan Jeevika Mahila v.s.s.s.l (Kharidibigha),Syngenta Foundation (SFI),
Nawada,Nawada,,Gagan Jeevika Mahila v.s.s.s.l (Kharidibigha),PRADAN,
Nawada,Nawada,,Sarvoday (Nawada Sadar),Syngenta Foundation (SFI),
Nawada,Nawada,,Trang(Bhadokhara),C3,
Nawada,Nawada,,Trang(Bhadokhara),Syngenta Foundation (SFI),
Nawada,Pakribarawan,,Jeevan CLF(C-01)(Dumrawan),C3,
Nawada,Pakribarawan,,Jeevan CLF(C-01)(Dumrawan),Syngenta Foundation (SFI),
Nawada,Pakribarawan,,Jeevan CLF(C-01)(Dumrawan),PRADAN,
Nawada,Pakribarawan,,Kalash CLF(C-02)(Konanpur),C3,
Nawada,Pakribarawan,,Kalash CLF(C-02)(Konanpur),Syngenta Foundation (SFI),
Nawada,Pakribarawan,,Sagun CLF(C-03)(Datraul),C3,
Nawada,Pakribarawan,,Sagun CLF(C-03)(Datraul),Syngenta Foundation (SFI),
Nawada,Rajauli,,Aagaman (C2) CLF,C3,
Nawada,Rajauli,,Dharohar (CLF),C3,
Nawada,Rajauli,,Dharohar (CLF),PRADAN,
Nawada,Rajauli,,Panchang (CLF),C3,
Nawada,Roh,,EKTA (CLF ),C3,
Nawada,Roh,,RASHTRIYA (CLF),C3,
Nawada,Roh,,RASHTRIYA (CLF),PRADAN,
Nawada,Roh,,SAGAR (CLF ),C3,
Nawada,Roh,,SAGAR (CLF ),Syngenta Foundation (SFI),
Nawada,Sirdala,,Anand (CLF ),C3,
Nawada,Sirdala,,Anand (CLF ),Syngenta Foundation (SFI),
Nawada,Sirdala,,Ashirbad (CLF) C-1,C3,
Nawada,Sirdala,,Ashirbad (CLF) C-1,Syngenta Foundation (SFI),
Nawada,Sirdala,,Himmat (CLF),C3,
Nawada,Sirdala,,Jagaran swaym siddha Mahila vikas,,
Nawada,Warisaliganj,,Mukti (CLF),C3,
Nawada,Warisaliganj,,Mukti (CLF),Syngenta Foundation (SFI),
Nawada,Warisaliganj,,NIDAN (WARISALIGANJ),C3,
Nawada,Warisaliganj,,NIDAN (WARISALIGANJ),Syngenta Foundation (SFI),
Nawada,Warisaliganj,,NIDAN (WARISALIGANJ),PRADAN,
Nawada,Warisaliganj,,Shakti Swam sidha (CLF),C3,
Nawada,Warisaliganj,,Shakti Swam sidha (CLF),Syngenta Foundation (SFI),
Pashchim Champaran,Bagaha,,Amrit dhara CLF,,
Pashchim Champaran,Bagaha,,Sangam,,
Pashchim Champaran,Bagaha,,Shanti_CLF,,
Pashchim Champaran,Bagaha,,Veer,,
Pashchim Champaran,Bairia,,Gyan CLF,Syngenta Foundation (SFI),
Pashchim Champaran,Bairia,,Jagriti,Syngenta Foundation (SFI),
Pashchim Champaran,Bairia,,Pragati,Syngenta Foundation (SFI),
Pashchim Champaran,Bettiah,,Himmat,,
Pashchim Champaran,Bhitaha,,Shakti,Syngenta Foundation (SFI),
Pashchim Champaran,Chanpatia,,Balwan,,
Pashchim Champaran,Chanpatia,,Buland,Syngenta Foundation (SFI),
Pashchim Champaran,Chanpatia,,Pratigya,Syngenta Foundation (SFI),
Pashchim Champaran,Chanpatia,,Rakshak20122021,,
Pashchim Champaran,Chanpatia,,Sahayog21122021,Syngenta Foundation (SFI),
Pashchim Champaran,Gaunaha,,Annapurna,Syngenta Foundation (SFI),
Pashchim Champaran,Gaunaha,,Narishakti,Syngenta Foundation (SFI),
Pashchim Champaran,Gaunaha,,Swagatam,Syngenta Foundation (SFI),
Pashchim Champaran,Jogapatti,,Aadhar,Syngenta Foundation (SFI),
Pashchim Champaran,Jogapatti,,Lakshya,Syngenta Foundation (SFI),
Pashchim Champaran,Jogapatti,,Mahila Shakti,Syngenta Foundation (SFI),
Pashchim Champaran,Lauriya,,Sathi,,
Pashchim Champaran,Lauriya,,Tiranga,Syngenta Foundation (SFI),
Pashchim Champaran,Lauriya,,Utam,Syngenta Foundation (SFI),
Pashchim Champaran,Madhubani,,Atal,Syngenta Foundation (SFI),
Pashchim Champaran,Madhubani,,Kalash,Syngenta Foundation (SFI),
Pashchim Champaran,Mainatanr,,Chetak,,
Pashchim Champaran,Mainatanr,,Dipak,,
Pashchim Champaran,Mainatanr,,Ekta,,
Pashchim Champaran,Majhaulia,,Adhikar,Syngenta Foundation (SFI),
Pashchim Champaran,Majhaulia,,Akash,Syngenta Foundation (SFI),
Pashchim Champaran,Majhaulia,,Hariyali CLF,Syngenta Foundation (SFI),
Pashchim Champaran,Majhaulia,,Navbharat,,
Pashchim Champaran,Majhaulia,,Savera,Syngenta Foundation (SFI),
Pashchim Champaran,Majhaulia,,Vijeta,,
Pashchim Champaran,Narkatiaganj,,Champaran,Syngenta Foundation (SFI),
Pashchim Champaran,Narkatiaganj,,Jiwan,Syngenta Foundation (SFI),
Pashchim Champaran,Narkatiaganj,,Suraj,Syngenta Foundation (SFI),
Pashchim Champaran,Narkatiaganj,,Swaraj,,
Pashchim Champaran,Narkatiaganj,,varsha,,
Pashchim Champaran,Nautan,,Aaryavart,Syngenta Foundation (SFI),
Pashchim Champaran,Nautan,,Bharat,Syngenta Foundation (SFI),
Pashchim Champaran,Nautan,,Hindustan,Syngenta Foundation (SFI),
Pashchim Champaran,Nautan,,Sundar,Syngenta Foundation (SFI),
Pashchim Champaran,Piprasi,,Bhumi,Syngenta Foundation (SFI),
Pashchim Champaran,Ramnagar,,Lakshy31012019,,
Pashchim Champaran,Ramnagar,,Satya 20072022,,
Pashchim Champaran,Ramnagar,,Seva,Syngenta Foundation (SFI),
Pashchim Champaran,Ramnagar,,Ujjawal_CLF,Syngenta Foundation (SFI),
Pashchim Champaran,Sidhaw,,Himalya,,
Pashchim Champaran,Sidhaw,,Karmbhumi,Syngenta Foundation (SFI),
Pashchim Champaran,Sidhaw,,Lavkush09012019,Syngenta Foundation (SFI),
Pashchim Champaran,Sidhaw,,Satyagrah,,
Pashchim Champaran,Sidhaw,,Valmiki,,
Pashchim Champaran,Sikta,,Disha,,
Pashchim Champaran,Sikta,,Sahara,,
Pashchim Champaran,Sikta,,Vidya,,
Pashchim Champaran,Thakrahan,,Prakash,Syngenta Foundation (SFI),
Patna,Athmalgola,,Mahima C L F,Syngenta Foundation (SFI),
Patna,Athmalgola,,Mahima C L F,Microsave consulting (MSC),
Patna,Athmalgola,,Prerna CLF,Syngenta Foundation (SFI),
Patna,Athmalgola,,Prerna CLF,Microsave consulting (MSC),
Patna,Bakhtiarpur,,"Mahan, CLF",Syngenta Foundation (SFI),
Patna,Bakhtiarpur,,"Mahan, CLF",PRADAN,
Patna,Bakhtiarpur,,"Mahan, CLF",Microsave consulting (MSC),
Patna,Bakhtiarpur,,Sambhav CLF,Syngenta Foundation (SFI),
Patna,Bakhtiarpur,,Sambhav CLF,Microsave consulting (MSC),
Patna,Bakhtiarpur,,Sangharsh CLF,Syngenta Foundation (SFI),
Patna,Bakhtiarpur,,Sangharsh CLF,Microsave consulting (MSC),
Patna,Bakhtiarpur,,Veer CLF,Syngenta Foundation (SFI),
Patna,Bakhtiarpur,,Veer CLF,Microsave consulting (MSC),
Patna,Barh,,Maa Brahamani CLF,Syngenta Foundation (SFI),
Patna,Barh,,Maa Brahamani CLF,Microsave consulting (MSC),
Patna,Barh,,Umanath CLF,Syngenta Foundation (SFI),
Patna,Barh,,Umanath CLF,Microsave consulting (MSC),
Patna,Barh,,Vijeta CLF,Syngenta Foundation (SFI),
Patna,Barh,,Vijeta CLF,Microsave consulting (MSC),
Patna,Belchhi,,Safalta CLF,PRADAN,
Patna,Belchhi,,Safalta CLF,Microsave consulting (MSC),
Patna,Belchhi,,Vishwash (CLF),Syngenta Foundation (SFI),
Patna,Belchhi,,Vishwash (CLF),PRADAN,
Patna,Belchhi,,Vishwash (CLF),Microsave consulting (MSC),
Patna,Bihta,,Ashirvad Vikash Swalambhi Sahkari Samiti LTD,Syngenta Foundation (SFI),
Patna,Bihta,,Ashirvad Vikash Swalambhi Sahkari Samiti LTD,PRADAN,
Patna,Bihta,,Ashirvad Vikash Swalambhi Sahkari Samiti LTD,Microsave consulting (MSC),
Patna,Bihta,,Jay Hind CLF,Syngenta Foundation (SFI),
Patna,Bihta,,Jay Hind CLF,Microsave consulting (MSC),
Patna,Bihta,,Samriddhi CLF,Syngenta Foundation (SFI),
Patna,Bihta,,Samriddhi CLF,Microsave consulting (MSC),
Patna,Bihta,,Vikash CLF,Syngenta Foundation (SFI),
Patna,Bihta,,Vikash CLF,PRADAN,
Patna,Bihta,,Vikash CLF,Microsave consulting (MSC),
Patna,Bikram,,Sakshi CLF,Syngenta Foundation (SFI),
Patna,Bikram,,Sakshi CLF,Microsave consulting (MSC),
Patna,Bikram,,Samman,Syngenta Foundation (SFI),
Patna,Bikram,,Samman,Microsave consulting (MSC),
Patna,Bikram,,Sampoorn,Syngenta Foundation (SFI),
Patna,Bikram,,Sampoorn,Microsave consulting (MSC),
Patna,Daniawan,,Sangam CLF,Syngenta Foundation (SFI),
Patna,Daniawan,,Sangam CLF,Microsave consulting (MSC),
Patna,Daniawan,,Sankalp CLF,Syngenta Foundation (SFI),
Patna,Daniawan,,Sankalp CLF,PRADAN,
Patna,Daniawan,,Sankalp CLF,Microsave consulting (MSC),
Patna,Dhanarua,,Adarsh (CLF),Syngenta Foundation (SFI),
Patna,Dhanarua,,Adarsh (CLF),PRADAN,
Patna,Dhanarua,,Adarsh (CLF),Microsave consulting (MSC),
Patna,Dhanarua,,Koshish,Syngenta Foundation (SFI),
Patna,Dhanarua,,Koshish,PRADAN,
Patna,Dhanarua,,Koshish,Microsave consulting (MSC),
Patna,Dhanarua,,Udan,Syngenta Foundation (SFI),
Patna,Dhanarua,,Udan,PRADAN,
Patna,Dhanarua,,Udan,Microsave consulting (MSC),
Patna,Dinapur-Cum-,,Abhilasha(CLF),Syngenta Foundation (SFI),
Patna,Dinapur-Cum-,,Abhilasha(CLF),Microsave consulting (MSC),
Patna,Dinapur-Cum-,,Safalta (CLF),Syngenta Foundation (SFI),
Patna,Dinapur-Cum-,,Safalta (CLF),Microsave consulting (MSC),
Patna,Dulhin Bazar,,Anand,Syngenta Foundation (SFI),
Patna,Dulhin Bazar,,Anand,Microsave consulting (MSC),
Patna,Dulhin Bazar,,Kranti (CLF),Syngenta Foundation (SFI),
Patna,Dulhin Bazar,,Kranti (CLF),PRADAN,
Patna,Dulhin Bazar,,Kranti (CLF),Microsave consulting (MSC),
Patna,Dulhin Bazar,,Safal -CLF,Syngenta Foundation (SFI),
Patna,Dulhin Bazar,,Safal -CLF,Microsave consulting (MSC),
Patna,Fatwah,,Azad CLF,Syngenta Foundation (SFI),
Patna,Fatwah,,Azad CLF,PRADAN,
Patna,Fatwah,,Azad CLF,Microsave consulting (MSC),
Patna,Fatwah,,Prabhat CLF,Syngenta Foundation (SFI),
Patna,Fatwah,,Prabhat CLF,Microsave consulting (MSC),
Patna,Fatwah,,Unnati CLF,Syngenta Foundation (SFI),
Patna,Fatwah,,Unnati CLF,Microsave consulting (MSC),
Patna,Ghoswari,,Adarsh,Syngenta Foundation (SFI),
Patna,Ghoswari,,Adarsh,Microsave consulting (MSC),
Patna,Ghoswari,,Vatika CLF,Syngenta Foundation (SFI),
Patna,Ghoswari,,Vatika CLF,Microsave consulting (MSC),
Patna,Khusrupur,,Pahchan (CLF),Syngenta Foundation (SFI),
Patna,Khusrupur,,Pahchan (CLF),PRADAN,
Patna,Khusrupur,,Pahchan (CLF),Microsave consulting (MSC),
Patna,Khusrupur,,Pratigya (CLF),Syngenta Foundation (SFI),
Patna,Khusrupur,,Pratigya (CLF),Microsave consulting (MSC),
Patna,Maner,,Ayushman CLF,Syngenta Foundation (SFI),
Patna,Maner,,Ayushman CLF,PRADAN,
Patna,Maner,,Ayushman CLF,Microsave consulting (MSC),
Patna,Maner,,Indira Gandhi (CLF),Syngenta Foundation (SFI),
Patna,Maner,,Indira Gandhi (CLF),Microsave consulting (MSC),
Patna,Maner,,Jagriti Nari shakti Fedration (BLF),Microsave consulting (MSC),
Patna,Maner,,Vardan CLF,Syngenta Foundation (SFI),
Patna,Maner,,Vardan CLF,Microsave consulting (MSC),
Patna,Masaurhi,,Adhikar (CLF),Syngenta Foundation (SFI),
Patna,Masaurhi,,Adhikar (CLF),PRADAN,
Patna,Masaurhi,,Adhikar (CLF),Microsave consulting (MSC),
Patna,Masaurhi,,Sahayta(CLF),PRADAN,
Patna,Masaurhi,,Sahayta(CLF),Microsave consulting (MSC),
Patna,Masaurhi,,Sahyog (CLF),Syngenta Foundation (SFI),
Patna,Masaurhi,,Sahyog (CLF),PRADAN,
Patna,Masaurhi,,Sahyog (CLF),Microsave consulting (MSC),
Patna,Mokameh,,Sanskar,Syngenta Foundation (SFI),
Patna,Mokameh,,Sanskar,PRADAN,
Patna,Mokameh,,Sanskar,Microsave consulting (MSC),
Patna,Mokameh,,Umang CLF,Syngenta Foundation (SFI),
Patna,Mokameh,,Umang CLF,Microsave consulting (MSC),
Patna,Mokameh,,Uttam CLF,Syngenta Foundation (SFI),
Patna,Mokameh,,Uttam CLF,Microsave consulting (MSC),
Patna,Naubatpur,,Sahara (CLF),Syngenta Foundation (SFI),
Patna,Naubatpur,,Sahara (CLF),PRADAN,
Patna,Naubatpur,,Sahara (CLF),Microsave consulting (MSC),
Patna,Naubatpur,,Satyam (CLF),Syngenta Foundation (SFI),
Patna,Naubatpur,,Satyam (CLF),Microsave consulting (MSC),
Patna,Naubatpur,,Shivam CLF,Microsave consulting (MSC),
Patna,Naubatpur,,Sundram (CLF),Microsave consulting (MSC),
Patna,Paliganj,,Chetana,Syngenta Foundation (SFI),
Patna,Paliganj,,Chetana,Microsave consulting (MSC),
Patna,Paliganj,,Darpan,Syngenta Foundation (SFI),
Patna,Paliganj,,Darpan,PRADAN,
Patna,Paliganj,,Darpan,Microsave consulting (MSC),
Patna,Paliganj,,Pariwartan,Syngenta Foundation (SFI),
Patna,Paliganj,,Pariwartan,PRADAN,
Patna,Paliganj,,Pariwartan,Microsave consulting (MSC),
Patna,Pandarak,,Hariyali CLF,Syngenta Foundation (SFI),
Patna,Pandarak,,Hariyali CLF,Microsave consulting (MSC),
Patna,Pandarak,,Sandesh CLF,Syngenta Foundation (SFI),
Patna,Pandarak,,Sandesh CLF,Microsave consulting (MSC),
Patna,Pandarak,,Suraj (CLF),Syngenta Foundation (SFI),
Patna,Pandarak,,Suraj (CLF),Microsave consulting (MSC),
Patna,Patna Rural,,Gagan (CLF),Syngenta Foundation (SFI),
Patna,Patna Rural,,Gagan (CLF),Microsave consulting (MSC),
Patna,Patna Rural,,Uday(CLF),Syngenta Foundation (SFI),
Patna,Patna Rural,,Uday(CLF),Microsave consulting (MSC),
Patna,Phulwari,,Aashtha CLF,Syngenta Foundation (SFI),
Patna,Phulwari,,Aashtha CLF,Microsave consulting (MSC),
Patna,Phulwari,,Nai Disha BLF,Syngenta Foundation (SFI),
Patna,Phulwari,,Nai Disha BLF,Microsave consulting (MSC),
Patna,Phulwari,,Nishtha CLF,Syngenta Foundation (SFI),
Patna,Phulwari,,Nishtha CLF,Microsave consulting (MSC),
Patna,Punpun,,Garima (CLF),Syngenta Foundation (SFI),
Patna,Punpun,,Garima (CLF),Microsave consulting (MSC),
Patna,Punpun,,Pragati (CLF),Syngenta Foundation (SFI),
Patna,Punpun,,Pragati (CLF),Microsave consulting (MSC),
Patna,Punpun,,Samarth (CLF),Syngenta Foundation (SFI),
Patna,Punpun,,Samarth (CLF),Microsave consulting (MSC),
Patna,Sampatchak,,Arman (CLF),Syngenta Foundation (SFI),
Patna,Sampatchak,,Arman (CLF),PRADAN,
Patna,Sampatchak,,Arman (CLF),Microsave consulting (MSC),
Patna,Sampatchak,,Sarovar CLF,PRADAN,
Patna,Sampatchak,,Sarovar CLF,Microsave consulting (MSC),
Purbi Champaran,Adapur,,Indira Jeevika Mahila Sankul Stariye Sangh,Syngenta Foundation (SFI),
Purbi Champaran,Adapur,,Savitri Jeevika Mahila Sankul Stariye Sangh,Syngenta Foundation (SFI),
Purbi Champaran,Adapur,,Ujjawal12/2/2024,Syngenta Foundation (SFI),
Purbi Champaran,Areraj,,Bharat Mata Sankul Sangh,Syngenta Foundation (SFI),
Purbi Champaran,Areraj,,Chand Tara 20032021,Syngenta Foundation (SFI),
Purbi Champaran,Areraj,,Shubh Labh,Syngenta Foundation (SFI),
Purbi Champaran,Banjaria,,Champaran Mahila Jeevika CLF,Syngenta Foundation (SFI),
Purbi Champaran,Banjaria,,Himmat Jeevika Mahila Sankul Sangh,Syngenta Foundation (SFI),
Purbi Champaran,Banjaria,,Sanjivani Mahila jeevika CLF,Syngenta Foundation (SFI),
Purbi Champaran,Bankatwa,,Mashal,Syngenta Foundation (SFI),
Purbi Champaran,Bankatwa,,Rachna,Syngenta Foundation (SFI),
Purbi Champaran,Bankatwa,,Samrat,Syngenta Foundation (SFI),
Purbi Champaran,Chakia(Pipra),,Gopi,Syngenta Foundation (SFI),
Purbi Champaran,Chakia(Pipra),,Shringar,Syngenta Foundation (SFI),
Purbi Champaran,Chakia(Pipra),,Upkar,Syngenta Foundation (SFI),
Purbi Champaran,Chhauradano(Narkatia),,JAGAT JEEVIKA MAHILA CLF,,
Purbi Champaran,Chhauradano(Narkatia),,JAGRITI JEEVIKA MAHILA CLF,Syngenta Foundation (SFI),
Purbi Champaran,Chhauradano(Narkatia),,JANANI JEEVIKA MAHILA CLF,Syngenta Foundation (SFI),
Purbi Champaran,Chiraia,,Deep Male,Syngenta Foundation (SFI),
Purbi Champaran,Chiraia,,Deep shikha,Syngenta Foundation (SFI),
Purbi Champaran,Chiraia,,Unanti,Syngenta Foundation (SFI),
Purbi Champaran,Dhaka,,Ekata,Syngenta Foundation (SFI),
Purbi Champaran,Dhaka,,Tiranga,Syngenta Foundation (SFI),
Purbi Champaran,Dhaka,,Tarang,Syngenta Foundation (SFI),
Purbi Champaran,Ghorasahan,,Ansh,Syngenta Foundation (SFI),
Purbi Champaran,Ghorasahan,,Bapudham,Syngenta Foundation (SFI),
Purbi Champaran,Ghorasahan,,Samrat,Syngenta Foundation (SFI),
Purbi Champaran,Ghorasahan,,SHAKTI JEEVIKA MAHILA SANKUL SANGH,,
Purbi Champaran,Harsidhi,,Chamak,Syngenta Foundation (SFI),
Purbi Champaran,Harsidhi,,Deepak,Syngenta Foundation (SFI),
Purbi Champaran,Harsidhi,,GARIMA13032024,Syngenta Foundation (SFI),
Purbi Champaran,Kalyanpur,,Bharat CLF,Syngenta Foundation (SFI),
Purbi Champaran,Kalyanpur,,Kalyani,Syngenta Foundation (SFI),
Purbi Champaran,Kalyanpur,,Pushpa,Syngenta Foundation (SFI),
Purbi Champaran,Kalyanpur,,Sri Ramayan,,
Purbi Champaran,Kesaria,,Jyoti 25.03.2021,Syngenta Foundation (SFI),
Purbi Champaran,Kesaria,,Kesarnath 14.05.2022,Syngenta Foundation (SFI),
Purbi Champaran,Kesaria,,SAKSHAM JEEVIKA MAHILA SANKUL STARIYE SANGH,,
Purbi Champaran,Kotwa,,INDIA JEEVIKA MAHILA CLF,Syngenta Foundation (SFI),
Purbi Champaran,Kotwa,,Raushani,Syngenta Foundation (SFI),
Purbi Champaran,Kotwa,,Sundram CLF,Syngenta Foundation (SFI),
Purbi Champaran,Madhuban,,Ekta Mahila Sankul Sangh,Syngenta Foundation (SFI),
Purbi Champaran,Madhuban,,Madhuban,Syngenta Foundation (SFI),
Purbi Champaran,Madhuban,,Rakhi,Syngenta Foundation (SFI),
Purbi Champaran,Mehsi,,Maa Sarswati Jeevika CLF,Syngenta Foundation (SFI),
Purbi Champaran,Mehsi,,OM Jeevika Mahila CLF,Syngenta Foundation (SFI),
Purbi Champaran,Mehsi,,Sanskar jivika mahila Sankul Sangh CLF,Syngenta Foundation (SFI),
Purbi Champaran,Motihari,,GANGOTRI JEEVIKA MAHILA SANKUL STARIYE SANGH,Syngenta Foundation (SFI),
Purbi Champaran,Motihari,,Malanarishakti swablambi sahkari samiti L.T.D,Syngenta Foundation (SFI),
Purbi Champaran,Motihari,,PRAGATI JEEVIKA MAHILA SANKUL SANGH,Syngenta Foundation (SFI),
Purbi Champaran,Motihari,,SAVERA JEEVIKA MAHILA SANKUL SANGH,Syngenta Foundation (SFI),
Purbi Champaran,Paharpur,,Sagar 18/05/2022,Syngenta Foundation (SFI),
Purbi Champaran,Paharpur,,Samadhan 11/03/2022,Syngenta Foundation (SFI),
Purbi Champaran,Paharpur,,Sangam,Syngenta Foundation (SFI),
Purbi Champaran,Pakri Dayal,,Anmol CLF 30/03/22,Syngenta Foundation (SFI),
Purbi Champaran,Pakri Dayal,,Kangan,Syngenta Foundation (SFI),
Purbi Champaran,Pakri Dayal,,Sabera,Syngenta Foundation (SFI),
Purbi Champaran,Patahi,,Jagriti,Syngenta Foundation (SFI),
Purbi Champaran,Patahi,,Kalyan 15022017,Syngenta Foundation (SFI),
Purbi Champaran,Patahi,,Vishwash,Syngenta Foundation (SFI),
Purbi Champaran,Phenhara,,Jeevan Dhara CLF,,
Purbi Champaran,Phenhara,,Jivan Joti CLF,,
Purbi Champaran,Piprakothi,,Buland,Syngenta Foundation (SFI),
Purbi Champaran,Piprakothi,,Himalay,Syngenta Foundation (SFI),
Purbi Champaran,Ramgarhwa,,Bharat,Syngenta Foundation (SFI),
Purbi Champaran,Ramgarhwa,,Ganga jeevika 16/3/18,Syngenta Foundation (SFI),
Purbi Champaran,Ramgarhwa,,Janki,Syngenta Foundation (SFI),
Purbi Champaran,Raxaul,,Mangalraj CLF,,
Purbi Champaran,Raxaul,,Muskan,Syngenta Foundation (SFI),
Purbi Champaran,Raxaul,,Prayagraj CLF,Syngenta Foundation (SFI),
Purbi Champaran,Sangrampur,,Maa Bhawani Jeevika Mahila Sankul Sangh,Syngenta Foundation (SFI),
Purbi Champaran,Sangrampur,,Narayani Jeevika Mahila Sankul Sangh,Syngenta Foundation (SFI),
Purbi Champaran,Sangrampur,,RAM JEEVIKA MAHILA SANKUL ASTARIYA SANGH,Syngenta Foundation (SFI),
Purbi Champaran,Sugauli,,Deepak clf,Syngenta Foundation (SFI),
Purbi Champaran,Sugauli,,Gagan Jeevika Mahila Sankul Stariya Sangh,Syngenta Foundation (SFI),
Purbi Champaran,Sugauli,,Ganga Jeevika CLF,Syngenta Foundation (SFI),
Purbi Champaran,Tetaria,,Lav Kush,Syngenta Foundation (SFI),
Purbi Champaran,Tetaria,,Ram Lakhan,Syngenta Foundation (SFI),
Purbi Champaran,Tetaria,,Sita Ram,Syngenta Foundation (SFI),
Purbi Champaran,Turkaulia,,BHAWISHYA CLF,Syngenta Foundation (SFI),
Purbi Champaran,Turkaulia,,Chetak jeevika mahila CLF,Syngenta Foundation (SFI),
Purbi Champaran,Turkaulia,,Ranilakshmibai,Syngenta Foundation (SFI),
Purnia,Amour,,Prayas CLF,Syngenta Foundation (SFI),
Purnia,Amour,,Prayas CLF,PRADAN,
Purnia,Amour,,Sagar CLF,Syngenta Foundation (SFI),
Purnia,Amour,,Sapna CLF,Syngenta Foundation (SFI),
Purnia,Amour,,Sapna CLF,PRADAN,
Purnia,Baisa,,Adarsh CLF C-1,Syngenta Foundation (SFI),
Purnia,Baisa,,Malala CLF,Syngenta Foundation (SFI),
Purnia,Baisa,,Savera CLF,Syngenta Foundation (SFI),
Purnia,Baisi,,Anchal Nari Shakti WDC,Syngenta Foundation (SFI),
Purnia,Baisi,,Bandhan,Syngenta Foundation (SFI),
Purnia,Baisi,,Prithvi,,
Purnia,Baisi,,Shakti jeevika mahila vikas SSS.LTD,Syngenta Foundation (SFI),
Purnia,Banmankhi,,Adhikar,Syngenta Foundation (SFI),
Purnia,Banmankhi,,Khushi,Syngenta Foundation (SFI),
Purnia,Banmankhi,,Khushi,PRADAN,
Purnia,Banmankhi,,Mamta,Syngenta Foundation (SFI),
Purnia,Banmankhi,,Milan,Syngenta Foundation (SFI),
Purnia,Banmankhi,,Milan,PRADAN,
Purnia,Banmankhi,,Sangam Banmankhi,Syngenta Foundation (SFI),
Purnia,Barhara,,Arpan,Syngenta Foundation (SFI),
Purnia,Barhara,,Arpan,PRADAN,
Purnia,Barhara,,Chandani,Syngenta Foundation (SFI),
Purnia,Barhara,,Chandani,PRADAN,
Purnia,Barhara,,Komal,Syngenta Foundation (SFI),
Purnia,Bhawanipur,,Abhilasha,Leap 300,
Purnia,Bhawanipur,,Abhilasha,Syngenta Foundation (SFI),
Purnia,Bhawanipur,,Abhilasha,PRADAN,
Purnia,Bhawanipur,,Rani,Leap 300,
Purnia,Bhawanipur,,Rani,Syngenta Foundation (SFI),
Purnia,Bhawanipur,,Rani,PRADAN,
Purnia,Bhawanipur,,Tanya,Leap 300,
Purnia,Bhawanipur,,Tanya,Syngenta Foundation (SFI),
Purnia,Bhawanipur,,Tanya,PRADAN,
Purnia,Dagarua,,Himaly,Syngenta Foundation (SFI),
Purnia,Dagarua,,Prakash,Syngenta Foundation (SFI),
Purnia,Dagarua,,Shikhar,Syngenta Foundation (SFI),
Purnia,Dagarua,,Shikhar,PRADAN,
Purnia,Dhamdaha,,Ahilya CLF,Syngenta Foundation (SFI),
Purnia,Dhamdaha,,Ahilya CLF,PRADAN,
Purnia,Dhamdaha,,Amrit CLF,Syngenta Foundation (SFI),
Purnia,Dhamdaha,,Deepak CLF,Syngenta Foundation (SFI),
Purnia,Dhamdaha,,Kranti CLF,Syngenta Foundation (SFI),
Purnia,Dhamdaha,,Kranti CLF,PRADAN,
Purnia,Dhamdaha,,Shakti CLF,Syngenta Foundation (SFI),
Purnia,Dhamdaha,,Shakti CLF,PRADAN,
Purnia,Jalalgarh,,Aastha CLF-1,Syngenta Foundation (SFI),
Purnia,Jalalgarh,,Nirmal CLF-2,Syngenta Foundation (SFI),
Purnia,Kasba,,CLF- Saheli (Cluster-2),Leap 300,
Purnia,Kasba,,CLF- Saheli (Cluster-2),Syngenta Foundation (SFI),
Purnia,Kasba,,CLF- Saheli (Cluster-2),PRADAN,
Purnia,Kasba,,CLF- Sanskar (Cluster-1),Leap 300,
Purnia,Kasba,,CLF- Sanskar (Cluster-1),Syngenta Foundation (SFI),
Purnia,Kasba,,CLF- Sanskar (Cluster-1),PRADAN,
Purnia,Kasba,,CLF- Satyam (Cluster-3),Leap 300,
Purnia,Kasba,,CLF- Satyam (Cluster-3),Syngenta Foundation (SFI),
Purnia,Kasba,,CLF- Satyam (Cluster-3),PRADAN,
Purnia,Krityanand Nagar,,Dharti CLF,Syngenta Foundation (SFI),
Purnia,Krityanand Nagar,,Jyoti CLF,Syngenta Foundation (SFI),
Purnia,Krityanand Nagar,,Nav Jeevan,Syngenta Foundation (SFI),
Purnia,Purnia East,,Aakash CLF,Syngenta Foundation (SFI),
Purnia,Purnia East,,Muskan CLF,Syngenta Foundation (SFI),
Purnia,Purnia East,,Muskan CLF,PRADAN,
Purnia,Purnia East,,Rakhi CLF,Syngenta Foundation (SFI),
Purnia,Rupauli,,DEEN SUDHAR JEEVIKA CL 4,,
Purnia,Rupauli,,Janni CLF CL 03,PRADAN,
Purnia,Rupauli,,Sona,Syngenta Foundation (SFI),
Purnia,Rupauli,,Sona,PRADAN,
Purnia,Rupauli,,Unnati Jeevika M.V.S.S.S. LTD.,Syngenta Foundation (SFI),
Purnia,Rupauli,,Unnati Jeevika M.V.S.S.S. LTD.,PRADAN,
Purnia,Srinagar,,Jeevan CLF,Syngenta Foundation (SFI),
Purnia,Srinagar,,Parwat CLF,Syngenta Foundation (SFI),
Rohtas,Akorhi Gola,,Gyan,Syngenta Foundation (SFI),
Rohtas,Akorhi Gola,,Sangam (CLF),Syngenta Foundation (SFI),
Rohtas,Bikramganj,,Mangalam,,
Rohtas,Bikramganj,,Pragati,Syngenta Foundation (SFI),
Rohtas,Chenari,,Azad,Syngenta Foundation (SFI),
Rohtas,Chenari,,Chand,Syngenta Foundation (SFI),
Rohtas,Chenari,,Suraj (m v sss l ),Syngenta Foundation (SFI),
Rohtas,Dawath,,Sankalp,,
Rohtas,Dehri,,Aajad,Syngenta Foundation (SFI),
Rohtas,Dehri,,Jeevan,Syngenta Foundation (SFI),
Rohtas,Dinara,,Badlaav Jeevika Mahila Sankul Stariya Sangh,,
Rohtas,Dinara,,Bhandar,Syngenta Foundation (SFI),
Rohtas,Dinara,,Sagar,Syngenta Foundation (SFI),
Rohtas,Dinara,,Shital-CLF Rajpur,,
Rohtas,Dinara,,Unnati Jeevika Mahila Sankul Stariya Sangh,,
Rohtas,Karakat,,Aasirwad,,
Rohtas,Karakat,,Udan,,
Rohtas,Karakat,,Uphar-CLF,Syngenta Foundation (SFI),
Rohtas,Kargahar,,Ekta CLF,Syngenta Foundation (SFI),
Rohtas,Kargahar,,PARI,,
Rohtas,Kargahar,,Santoshi,,
Rohtas,Kargahar,,Shakti,,
Rohtas,Kargahar,,Ujjawal CLF,,
Rohtas,Kargahar,,UTSHAH (CLF),Syngenta Foundation (SFI),
Rohtas,Kochas,,Anant,Syngenta Foundation (SFI),
Rohtas,Kochas,,Perena nari,Syngenta Foundation (SFI),
Rohtas,Kochas,,Swadeshi,Syngenta Foundation (SFI),
Rohtas,Kochas,,Umang Jeevika Mahila Sankul Stariye Sangh Kochas,,
Rohtas,Nasriganj,,Gagan,Syngenta Foundation (SFI),
Rohtas,Nasriganj,,Sangam,Syngenta Foundation (SFI),
Rohtas,Nauhatta,,Bharat,,
Rohtas,Nauhatta,,Hindustan,,
Rohtas,Nauhatta,,Jagriti.,,
Rohtas,Nokha,,Gyandeep,Syngenta Foundation (SFI),
Rohtas,Nokha,,Hariyali CLF,Syngenta Foundation (SFI),
Rohtas,Rajpur,,Virat,Syngenta Foundation (SFI),
Rohtas,Rohtas,,Aatmbal,Syngenta Foundation (SFI),
Rohtas,Rohtas,,Umeed,Syngenta Foundation (SFI),
Rohtas,Sanjhauli,,Sangharsh,Syngenta Foundation (SFI),
Rohtas,Sasaram,,Adarsh BLF/CLF,Syngenta Foundation (SFI),
Rohtas,Sasaram,,Darpan CLF,Syngenta Foundation (SFI),
Rohtas,Sasaram,,Samridhi,Syngenta Foundation (SFI),
Rohtas,Sheosagar,,Bandhan,Syngenta Foundation (SFI),
Rohtas,Sheosagar,,Jai Hind,Syngenta Foundation (SFI),
Rohtas,Sheosagar,,Nutan - CLF,Syngenta Foundation (SFI),
Rohtas,Suryapura,,Sapna(CLF),Syngenta Foundation (SFI),
Rohtas,Tilouthu,,Jigyasa(CLF),,
Rohtas,Tilouthu,,Satymev CLF,,
Saharsa,Banma Itahri,,Maa Kamakhia15032016,Leap 300,
Saharsa,Banma Itahri,,Maa Kamakhia15032016,Syngenta Foundation (SFI),
Saharsa,Banma Itahri,,Maa Katiyani14032016,Leap 300,
Saharsa,Banma Itahri,,Maa Katiyani14032016,Syngenta Foundation (SFI),
Saharsa,Kahara,,Ann data22032017,Syngenta Foundation (SFI),
Saharsa,Kahara,,Annpurna,Syngenta Foundation (SFI),
Saharsa,Kahara,,Bharatmata26032017,Syngenta Foundation (SFI),
Saharsa,Mahishi,,Bhartimandal 18032016,Syngenta Foundation (SFI),
Saharsa,Mahishi,,Kamla Koshi30-03-22,Syngenta Foundation (SFI),
Saharsa,Mahishi,,Maaugratara 22032017,Syngenta Foundation (SFI),
Saharsa,Nauhatta,,Prabhavati,Syngenta Foundation (SFI),
Saharsa,Nauhatta,,Saptakoshi,Syngenta Foundation (SFI),
Saharsa,Nauhatta,,Unnati,Syngenta Foundation (SFI),
Saharsa,Patarghat,,Abhilasha,Syngenta Foundation (SFI),
Saharsa,Patarghat,,Kaushki Sita 23122013,Syngenta Foundation (SFI),
Saharsa,Patarghat,,Sarojini,Syngenta Foundation (SFI),
Saharsa,Salkhua,,Ganga23062016,Syngenta Foundation (SFI),
Saharsa,Salkhua,,Koshi10032016,Syngenta Foundation (SFI),
Saharsa,Salkhua,,SAMMAN20022021,Syngenta Foundation (SFI),
Saharsa,Satar Kataiya,,Sabera,Leap 300,
Saharsa,Satar Kataiya,,Sabera,Syngenta Foundation (SFI),
Saharsa,Satar Kataiya,,Sadbhabna 25032017,Leap 300,
Saharsa,Satar Kataiya,,Sadbhabna 25032017,Syngenta Foundation (SFI),
Saharsa,Satar Kataiya,,Sankalp,Leap 300,
Saharsa,Satar Kataiya,,Sankalp,Syngenta Foundation (SFI),
Saharsa,Saur Bazar,,Ma Janki,Leap 300,
Saharsa,Saur Bazar,,Ma Janki,Syngenta Foundation (SFI),
Saharsa,Saur Bazar,,Mithila,Leap 300,
Saharsa,Saur Bazar,,Mithila,Syngenta Foundation (SFI),
Saharsa,Saur Bazar,,Savitribai Phule,Leap 300,
Saharsa,Saur Bazar,,Savitribai Phule,Syngenta Foundation (SFI),
Saharsa,Simri Bakhtiarpur,,Laxmibai18032016,Syngenta Foundation (SFI),
Saharsa,Simri Bakhtiarpur,,Utkarsh260216,Syngenta Foundation (SFI),
Saharsa,Simri Bakhtiarpur,,Vikash20032017,Syngenta Foundation (SFI),
Saharsa,Sonbarsa,,Janseva,Syngenta Foundation (SFI),
Saharsa,Sonbarsa,,Koshi Kalyani,Syngenta Foundation (SFI),
Saharsa,Sonbarsa,,Nari Shakti,Syngenta Foundation (SFI),
Samastipur,Bibhutpur,,ADHIKAR JEEVIKA MAHILA CLF,Syngenta Foundation (SFI),
Samastipur,Bibhutpur,,ANMOL JEEVIKA MAHILA SANKUL SANGH,,
Samastipur,Bibhutpur,,Khushi,Syngenta Foundation (SFI),
Samastipur,Bibhutpur,,PRERANA 28102021,Syngenta Foundation (SFI),
Samastipur,Bibhutpur,,SANSKAR CLF,,
Samastipur,Bibhutpur,,SARASWATI JEEVIKA SANKUL SANGH,,
Samastipur,Bithan,,ANAND - CLF,Syngenta Foundation (SFI),
Samastipur,Bithan,,CHAMATKAR,Syngenta Foundation (SFI),
Samastipur,Bithan,,UTKARSH,,
Samastipur,Dalsinghsarai,,BHARAT RATNA,Syngenta Foundation (SFI),
Samastipur,Dalsinghsarai,,JAI HIND,Syngenta Foundation (SFI),
Samastipur,Dalsinghsarai,,SANGAM JEEVIKA MAHILA CLF,Syngenta Foundation (SFI),
Samastipur,Hasanpur,,AAJAD 29122016,Syngenta Foundation (SFI),
Samastipur,Hasanpur,,ANANT 10122016,Syngenta Foundation (SFI),
Samastipur,Hasanpur,,BHARAT 30092016 CLF,Syngenta Foundation (SFI),
Samastipur,Kalyanpur,,ABHILASHA 24/09/2021,Syngenta Foundation (SFI),
Samastipur,Kalyanpur,,AKASH,Syngenta Foundation (SFI),
Samastipur,Kalyanpur,,EKTA,,
Samastipur,Kalyanpur,,KALYANI NARI SHAKTI (K.N.M.V.S.S.S.L.T.D),Syngenta Foundation (SFI),
Samastipur,Kalyanpur,,Lili,Syngenta Foundation (SFI),
Samastipur,Kalyanpur,,PRABHAT 18-02-2020,Syngenta Foundation (SFI),
Samastipur,Kalyanpur,,upkar,Syngenta Foundation (SFI),
Samastipur,Khanpur,,NAYA SAVERA NARI SHAKTI,Syngenta Foundation (SFI),
Samastipur,Khanpur,,SAFALATA,Syngenta Foundation (SFI),
Samastipur,Khanpur,,VISHWAS,Syngenta Foundation (SFI),
Samastipur,Mohanpur,,PRATIGYA,Syngenta Foundation (SFI),
Samastipur,Mohanpur,,SHAKTI 27012017,Syngenta Foundation (SFI),
Samastipur,Mohiuddinagar,,ARCHANA,Syngenta Foundation (SFI),
Samastipur,Mohiuddinagar,,LAKSHMI BAI CLF,Syngenta Foundation (SFI),
Samastipur,Mohiuddinagar,,NARI SHAKTI,Syngenta Foundation (SFI),
Samastipur,Morwa,,ADARSH,Syngenta Foundation (SFI),
Samastipur,Morwa,,MAHAN,Syngenta Foundation (SFI),
Samastipur,Morwa,,VIKASH,Syngenta Foundation (SFI),
Samastipur,Patori,,ADHIKAR,Syngenta Foundation (SFI),
Samastipur,Patori,,Chandan,Syngenta Foundation (SFI),
Samastipur,Patori,,SATHI,Syngenta Foundation (SFI),
Samastipur,Pusa,,LAKSHYA,Syngenta Foundation (SFI),
Samastipur,Pusa,,SARTHAK,Syngenta Foundation (SFI),
Samastipur,Rosera,,GANDHI,Syngenta Foundation (SFI),
Samastipur,Rosera,,RAUSHANI CLF,Syngenta Foundation (SFI),
Samastipur,Rosera,,SAGAR,Syngenta Foundation (SFI),
Samastipur,Samastipur,,KANAK,Syngenta Foundation (SFI),
Samastipur,Samastipur,,KIRAN 28-08-2017,Syngenta Foundation (SFI),
Samastipur,Samastipur,,NAVJYOTI,Syngenta Foundation (SFI),
Samastipur,Samastipur,,PRITHVI CLF,Syngenta Foundation (SFI),
Samastipur,Sarairanjan,,KALASH,Syngenta Foundation (SFI),
Samastipur,Sarairanjan,,MAHASHAKTI,Syngenta Foundation (SFI),
Samastipur,Sarairanjan,,PRAYAS,Syngenta Foundation (SFI),
Samastipur,Shivaji Nagar,,RAUSHAN,Syngenta Foundation (SFI),
Samastipur,Shivaji Nagar,,TEJAS,Syngenta Foundation (SFI),
Samastipur,Shivaji Nagar,,VIJAY251119,Syngenta Foundation (SFI),
Samastipur,Singhia,,EKTA 19/12/2019,,
Samastipur,Singhia,,SHAKTI25112017,Syngenta Foundation (SFI),
Samastipur,Singhia,,UMMID CLF 18-02-2021,Syngenta Foundation (SFI),
Samastipur,Tajpur,,JIVAN SAHARA 29092016,Syngenta Foundation (SFI),
Samastipur,Tajpur,,MAHASAGAR,Syngenta Foundation (SFI),
Samastipur,Tajpur,,SAHELI,Syngenta Foundation (SFI),
Samastipur,Ujiarpur,,HINDUSTAN,Syngenta Foundation (SFI),
Samastipur,Ujiarpur,,RAM JANKI 03032023,,
Samastipur,Ujiarpur,,SAUBHAGYA 14032022,Syngenta Foundation (SFI),
Samastipur,Ujiarpur,,SAVERA,Syngenta Foundation (SFI),
Samastipur,Ujiarpur,,SHASHI,Syngenta Foundation (SFI),
Samastipur,Vidyapati Nagar,,AANAND 07/01/2020,Syngenta Foundation (SFI),
Samastipur,Vidyapati Nagar,,GYANJYOTI,Syngenta Foundation (SFI),
Samastipur,Vidyapati Nagar,,VISHWAS,Syngenta Foundation (SFI),
Samastipur,Warisnagar,,Abhyuday Nari Shakti,,
Samastipur,Warisnagar,,KHUSHAL 13022017,Syngenta Foundation (SFI),
Samastipur,Warisnagar,,Samman CLF 05/10/2021,Syngenta Foundation (SFI),
Samastipur,Warisnagar,,UJWAL,Syngenta Foundation (SFI),
Saran,Amnour,,BHARAT JEEVIKA MAHILA SANKUL SANGH,Syngenta Foundation (SFI),
Saran,Amnour,,HINDUSTAN CLF 21/02/2023,Syngenta Foundation (SFI),
Saran,Amnour,,JAY BIHAR CLF(31/03/2023),Syngenta Foundation (SFI),
Saran,Amnour,,JAY HIND JEEVIKA MAHILA SANKUL SANGH,Syngenta Foundation (SFI),
Saran,Baniapur,,Garima Jeevika Mahila Sankul Sangh,,
Saran,Baniapur,,Sampann Jeevika Mahila Sankul Sangh,,
Saran,Baniapur,,SUHANI JEEVIKA MAHILA SANKUL SANGH,,
Saran,Baniapur,,Suraj Jeevika Mahila Sankul Sangh,,
Saran,Baniapur,,Uttam,,
Saran,Chapra,,Aadi Shakti CLF,,
Saran,Chapra,,DWARKADHISH,,
Saran,Chapra,,Radhe Krishna CLF,,
Saran,Chapra,,Satyam,,
Saran,Dariapur,,Abhilasha CLF,Syngenta Foundation (SFI),
Saran,Dariapur,,Aradhana CLF,Syngenta Foundation (SFI),
Saran,Dariapur,,Himmat Jeevika Mahila CLF,Syngenta Foundation (SFI),
Saran,Dariapur,,Nari Shakti,Syngenta Foundation (SFI),
Saran,Dariapur,,Safal Jeevika Mahila Sankul Sangh,Syngenta Foundation (SFI),
Saran,Dighwara,,Sanjeevani Jeevika Mahila CLF,Syngenta Foundation (SFI),
Saran,Dighwara,,Sanskar28/01/2020,Syngenta Foundation (SFI),
Saran,Ekma,,Azad Jeevika Mahila Cluster Level Fedration,,
Saran,Ekma,,Kalash Jeevika Mahila Cluster Level Fedration,,
Saran,Ekma,,Mahendranath Jeevika Mahila CLF Rasulpur,,
Saran,Garkha,,Annpurna,Syngenta Foundation (SFI),
Saran,Garkha,,Khushi CLF,Syngenta Foundation (SFI),
Saran,Garkha,,Tiranga CLF,,
Saran,Garkha,,UPKAR,Syngenta Foundation (SFI),
Saran,Ishupur,,Prayag CLF,Syngenta Foundation (SFI),
Saran,Ishupur,,Udaan CLF,Syngenta Foundation (SFI),
Saran,Ishupur,,Ujala CLF,Syngenta Foundation (SFI),
Saran,Jalalpur,,Samriddhy,,
Saran,Jalalpur,,Swarn Shakti,,
Saran,Jalalpur,,Utsaw,,
Saran,Lahladpur,,Hariyali Cluster Level Feveration,,
Saran,Lahladpur,,Jeevan Jyoti (CLF),,
Saran,Maker,,Raushani Jeevika Mahila CLF,Syngenta Foundation (SFI),
Saran,Maker,,Vinayak Jeevika Mahila CLF,Syngenta Foundation (SFI),
Saran,Manjhi,,Ambedkar,Syngenta Foundation (SFI),
Saran,Manjhi,,APOORVA JEEVIKA MAHILA SANKUL SANGH,Syngenta Foundation (SFI),
Saran,Manjhi,,JAGRITI (CLF),Syngenta Foundation (SFI),
Saran,Manjhi,,Virat,Syngenta Foundation (SFI),
Saran,Marhaura,,Aadrash Jeevika Mahila CLF,,
Saran,Marhaura,,Kishan (CLF ),,
Saran,Marhaura,,Rangoli Jeevika Mahila CLF,,
Saran,Marhaura,,Saheli Jeevika Mahila CLF,,
Saran,Mashrakh,,Kabir Jeevika Mahila CLF,Syngenta Foundation (SFI),
Saran,Mashrakh,,Samrat Jeevika Mahila CLF,Syngenta Foundation (SFI),
Saran,Mashrakh,,Vashudha Jeevika Mahila CLF,Syngenta Foundation (SFI),
Saran,Nagra,,Sahyog,,
Saran,Nagra,,Ummid,Syngenta Foundation (SFI),
Saran,Panapur,,Adhikar CLF,,
Saran,Panapur,,Anmol CLF,,
Saran,Panapur,,Arpan Jeevika Mahila CLF,,
Saran,Parsa,,Akshara,,
Saran,Parsa,,Hira Jeevika Mahila CLF,Syngenta Foundation (SFI),
Saran,Parsa,,Paras Jeevika Mahila CLF,Syngenta Foundation (SFI),
Saran,Parsa,,Ujawal Jeevika Mahila CLF,Syngenta Foundation (SFI),
Saran,Revelganj,,Aprajita CLF,,
Saran,Revelganj,,VIRANGNA JEEVIKA MAHILA SANKUL STARIYE SANGH,,
Saran,Sonepur,,Sagun Jeevika Mahila Sankul Sangh,Syngenta Foundation (SFI),
Saran,Sonepur,,Shailputri,Syngenta Foundation (SFI),
Saran,Sonepur,,Siddhi,Syngenta Foundation (SFI),
Saran,Taraiya,,Himalya(CLF),,
Saran,Taraiya,,Narayani CLF,Syngenta Foundation (SFI),
Saran,Taraiya,,Vasant (CLF),Syngenta Foundation (SFI),
Sheikhpura,Ariari,,Bharti,Syngenta Foundation (SFI),
Sheikhpura,Ariari,,Sanskar,Syngenta Foundation (SFI),
Sheikhpura,Barbigha,,Margdarshan (CLF),Syngenta Foundation (SFI),
Sheikhpura,Barbigha,,Vishal (CLF),Syngenta Foundation (SFI),
Sheikhpura,Chewara,,Hariyali,Syngenta Foundation (SFI),
Sheikhpura,Chewara,,Nari Kalyan,Syngenta Foundation (SFI),
Sheikhpura,Ghat Kusumbha,,Nari (CLF),Syngenta Foundation (SFI),
Sheikhpura,Sheikhpura,,Gyan - Darshan,Syngenta Foundation (SFI),
Sheikhpura,Sheikhpura,,Sarvottam,Syngenta Foundation (SFI),
Sheikhpura,Sheikhpura,,Veena Pani,Syngenta Foundation (SFI),
Sheikhpura,Shekhopur Sarai,,Nari - Shakti (CLF),Syngenta Foundation (SFI),
Sheikhpura,Shekhopur Sarai,,Roushan - (CLF),Syngenta Foundation (SFI),
Sheohar,Dumri Katsari,,Prem 14/03/2018,Syngenta Foundation (SFI),
Sheohar,Dumri Katsari,,Saheli 25/09/2017,Syngenta Foundation (SFI),
Sheohar,Piprarhi,,Jagriti,Syngenta Foundation (SFI),
Sheohar,Piprarhi,,Lakshay,Syngenta Foundation (SFI),
Sheohar,Piprarhi,,Umang,Syngenta Foundation (SFI),
Sheohar,Purnahiya,,Pragati 20/02/2021,Syngenta Foundation (SFI),
Sheohar,Purnahiya,,Ritu 25/09/2017,Syngenta Foundation (SFI),
Sheohar,Sheohar,,Adarsh,Syngenta Foundation (SFI),
Sheohar,Sheohar,,Rachna,Syngenta Foundation (SFI),
Sheohar,Sheohar,,Ujjwal,Syngenta Foundation (SFI),
Sheohar,Tariani Chowk,,Bhumi 10/02/2022,Syngenta Foundation (SFI),
Sheohar,Tariani Chowk,,Lata,Syngenta Foundation (SFI),
Sheohar,Tariani Chowk,,Prakash,Syngenta Foundation (SFI),
Sheohar,Tariani Chowk,,Sakhi 22/09/2017,Syngenta Foundation (SFI),
Sitamarhi,Bairgania,,Pratigya CLF,Syngenta Foundation (SFI),
Sitamarhi,Bairgania,,Unnati CLF,Syngenta Foundation (SFI),
Sitamarhi,Bajpatti,,Lakshya CLF,Syngenta Foundation (SFI),
Sitamarhi,Bajpatti,,Saubhagya CLF,Syngenta Foundation (SFI),
Sitamarhi,Bajpatti,,Mahila Shakti CLF,Syngenta Foundation (SFI),
Sitamarhi,Bathnaha,,JAGRAN CLF,Syngenta Foundation (SFI),
Sitamarhi,Bathnaha,,Safal CLF,,
Sitamarhi,Bathnaha,,Sangharsh CLF,Syngenta Foundation (SFI),
Sitamarhi,Bathnaha,,Upkar CLF,Syngenta Foundation (SFI),
Sitamarhi,Belsand,,Sagar 25/03/2018,Syngenta Foundation (SFI),
Sitamarhi,Belsand,,Utsah 22/09/2018,Syngenta Foundation (SFI),
Sitamarhi,Bokhara,,Aaradhna,Syngenta Foundation (SFI),
Sitamarhi,Bokhara,,Dip Mala,Syngenta Foundation (SFI),
Sitamarhi,Bokhara,,Kabir CLF,Syngenta Foundation (SFI),
Sitamarhi,Charaut,,Chetna clf 27/03/2021,,
Sitamarhi,Charaut,,Sanskar CLF,Syngenta Foundation (SFI),
Sitamarhi,Dumra,,Bharat CLF,Syngenta Foundation (SFI),
Sitamarhi,Dumra,,Chanchal,Syngenta Foundation (SFI),
Sitamarhi,Dumra,,Janki CLF,Syngenta Foundation (SFI),
Sitamarhi,Dumra,,MAHADEV CLF,,
Sitamarhi,Majorganj,,Chahat Jeevika CLF,Syngenta Foundation (SFI),
Sitamarhi,Majorganj,,Shakti Jeevika CLF,Syngenta Foundation (SFI),
Sitamarhi,Nanpur,,Adishakti CLF,Syngenta Foundation (SFI),
Sitamarhi,Nanpur,,Janbi CLF,Syngenta Foundation (SFI),
Sitamarhi,Nanpur,,Tajmahal,Syngenta Foundation (SFI),
Sitamarhi,Parihar,,Godavri Jeevika CLF,Syngenta Foundation (SFI),
Sitamarhi,Parihar,,Jag Jivan CLF,Syngenta Foundation (SFI),
Sitamarhi,Parihar,,jagriti jeevika CLF,Syngenta Foundation (SFI),
Sitamarhi,Parihar,,Saheli CLF,Syngenta Foundation (SFI),
Sitamarhi,Parihar,,Sahyog CLF Jagdar,Syngenta Foundation (SFI),
Sitamarhi,Parsauni,,Anchal CLF,Syngenta Foundation (SFI),
Sitamarhi,Parsauni,,Varsha,Syngenta Foundation (SFI),
Sitamarhi,Pupri,,Atal CLF,Syngenta Foundation (SFI),
Sitamarhi,Pupri,,Avtar CLF,Syngenta Foundation (SFI),
Sitamarhi,Pupri,,Sakhi CLF,Syngenta Foundation (SFI),
Sitamarhi,Riga,,Milan CLF,Syngenta Foundation (SFI),
Sitamarhi,Riga,,Sahaj CLF,Syngenta Foundation (SFI),
Sitamarhi,Riga,,Sanskar CLF,Syngenta Foundation (SFI),
Sitamarhi,Riga,,Shubh Lakshmi CLF,Syngenta Foundation (SFI),
Sitamarhi,Runisaidpur,,Adarsh CLF,Syngenta Foundation (SFI),
Sitamarhi,Runisaidpur,,Adarsh CLF,RCRC,
Sitamarhi,Runisaidpur,,Bharti CLF,Syngenta Foundation (SFI),
Sitamarhi,Runisaidpur,,Ganga Jeevika Mahila Sankul Sangh,,
Sitamarhi,Runisaidpur,,MANGALAM CLF,,
Sitamarhi,Runisaidpur,,Vidhya CLF,Syngenta Foundation (SFI),
Sitamarhi,Runisaidpur,,Vidhya CLF,RCRC,
Sitamarhi,Sonbarsa,,Janta,Syngenta Foundation (SFI),
Sitamarhi,Sonbarsa,,Mashal,Syngenta Foundation (SFI),
Sitamarhi,Sonbarsa,,Sahara CLF,Syngenta Foundation (SFI),
Sitamarhi,Sonbarsa,,Upkar CLF,Syngenta Foundation (SFI),
Sitamarhi,Suppi,,Khushi 15/12/2020,,
Sitamarhi,Suppi,,Suhagan 25/03/2018,Syngenta Foundation (SFI),
Sitamarhi,Suppi,,Vikash,,
Sitamarhi,Sursand,,Nari Shakti CLF,Syngenta Foundation (SFI),
Sitamarhi,Sursand,,Sangam CLF,Syngenta Foundation (SFI),
Sitamarhi,Sursand,,Vishvnath,Syngenta Foundation (SFI),
Siwan,Andar,,DeepakCLF,,
Siwan,Andar,,Jyoti Jeevika Mahila CLF,Syngenta Foundation (SFI),
Siwan,Andar,,Ujjwal CLF,Syngenta Foundation (SFI),
Siwan,Barharia,,Manokama CLF,Leap 300,
Siwan,Barharia,,Samridhi,Leap 300,
Siwan,Barharia,,Samridhi,Syngenta Foundation (SFI),
Siwan,Barharia,,Shri Vinayak CLF,Leap 300,
Siwan,Barharia,,Shri Vinayak CLF,Syngenta Foundation (SFI),
Siwan,Basantpur,,Himmat,Leap 300,
Siwan,Basantpur,,Himmat,Syngenta Foundation (SFI),
Siwan,Basantpur,,Maa janki,Leap 300,
Siwan,Basantpur,,Maa janki,Syngenta Foundation (SFI),
Siwan,Bhagwanpur Hat,,Khushboo,Syngenta Foundation (SFI),
Siwan,Bhagwanpur Hat,,Mahak,Syngenta Foundation (SFI),
Siwan,Bhagwanpur Hat,,sugandh,,
Siwan,Bhagwanpur Hat,,Surbhi Sankul Stariya Sangh,Syngenta Foundation (SFI),
Siwan,Darauli,,Ansh jeevika CLF,,
Siwan,Darauli,,Nari shakti jeevika CLF,Syngenta Foundation (SFI),
Siwan,Darauli,,Swastik,,
Siwan,Daraundha,,Ansh Raj,Leap 300,
Siwan,Daraundha,,Ansh Raj,Syngenta Foundation (SFI),
Siwan,Daraundha,,Nari Ekta,Leap 300,
Siwan,Daraundha,,Nari Ekta,Syngenta Foundation (SFI),
Siwan,Daraundha,,Prithvi,Leap 300,
Siwan,Daraundha,,Prithvi,Syngenta Foundation (SFI),
Siwan,Goriakothi,,Lata,Syngenta Foundation (SFI),
Siwan,Goriakothi,,Pushkar,Syngenta Foundation (SFI),
Siwan,Goriakothi,,Sarbotam,Syngenta Foundation (SFI),
Siwan,Guthani,,BHARAT,Syngenta Foundation (SFI),
Siwan,Guthani,,Mahadevi,Syngenta Foundation (SFI),
Siwan,Guthani,,SAGAR,Syngenta Foundation (SFI),
Siwan,Hasanpura,,Archana Jeevika Mahila Sankul Sangh,Syngenta Foundation (SFI),
Siwan,Hasanpura,,Astha Jeevika Mahila Sankul Sangh,,
Siwan,Hussainganj,,Anmol Jeevika CLF,Leap 300,
Siwan,Hussainganj,,Gagan CLF Sankul Sangh,Leap 300,
Siwan,Hussainganj,,Gagan CLF Sankul Sangh,Syngenta Foundation (SFI),
Siwan,Hussainganj,,Virat,Leap 300,
Siwan,Hussainganj,,Virat,Syngenta Foundation (SFI),
Siwan,Lakri Nabiganj,,Akash Clf,Syngenta Foundation (SFI),
Siwan,Lakri Nabiganj,,Ekta- clf,Syngenta Foundation (SFI),
Siwan,Lakri Nabiganj,,Gopal,Syngenta Foundation (SFI),
Siwan,Maharajganj,,Satyam,Syngenta Foundation (SFI),
Siwan,Maharajganj,,Shivam,,
Siwan,Maharajganj,,Sundaram,Syngenta Foundation (SFI),
Siwan,Mairwa,,Anchal,Syngenta Foundation (SFI),
Siwan,Mairwa,,Milan,Syngenta Foundation (SFI),
Siwan,Nautan,,Jiwan,Syngenta Foundation (SFI),
Siwan,Nautan,,Rahi CLF,Syngenta Foundation (SFI),
Siwan,Pachrukhi,,Bharti CLF,Syngenta Foundation (SFI),
Siwan,Pachrukhi,,Gyan,Syngenta Foundation (SFI),
Siwan,Pachrukhi,,Kaveri,Syngenta Foundation (SFI),
Siwan,Pachrukhi,,Udan Nari Shakti WDC,,
Siwan,Raghunathpur,,Bhavishy,Syngenta Foundation (SFI),
Siwan,Raghunathpur,,Chaya,Syngenta Foundation (SFI),
Siwan,Raghunathpur,,Sanskar,Syngenta Foundation (SFI),
Siwan,Siswan,,Ganga,Syngenta Foundation (SFI),
Siwan,Siswan,,Sewa Jeevika Mahila Sankul Stariya Sangh,Syngenta Foundation (SFI),
Siwan,Siswan,,Suraksha Jeevika Mahila Sankul Stariya Sangh,Syngenta Foundation (SFI),
Siwan,Siwan,,Jagran 12.03.2022,Syngenta Foundation (SFI),
Siwan,Siwan,,Jagriti clf,,
Siwan,Siwan,,Samridh,,
Siwan,Ziradei,,Hira,,
Siwan,Ziradei,,Moti,Syngenta Foundation (SFI),
Siwan,Ziradei,,PAHAL,Syngenta Foundation (SFI),
Supaul,Basantpur,,Jeevan Jyoti,Syngenta Foundation (SFI),
Supaul,Basantpur,,Panchmukhi,Syngenta Foundation (SFI),
Supaul,Basantpur,,Sangam,Syngenta Foundation (SFI),
Supaul,Chhatapur,,Garima,Syngenta Foundation (SFI),
Supaul,Chhatapur,,Mithila Pragati,Syngenta Foundation (SFI),
Supaul,Chhatapur,,Sanskar,Syngenta Foundation (SFI),
Supaul,Chhatapur,,Sapt Koshi,Syngenta Foundation (SFI),
Supaul,Chhatapur,,Unnati,Syngenta Foundation (SFI),
Supaul,Kishanpur,,Arpan,Syngenta Foundation (SFI),
Supaul,Kishanpur,,Darpan,Syngenta Foundation (SFI),
Supaul,Kishanpur,,Samarpan,Syngenta Foundation (SFI),
Supaul,Kishanpur,,Sawan CLF,,
Supaul,Marauna,,KHUSHI,Syngenta Foundation (SFI),
Supaul,Marauna,,KRISHAN,,
Supaul,Marauna,,Shiv Guru,Syngenta Foundation (SFI),
Supaul,Nirmali,,Dinkar,Syngenta Foundation (SFI),
Supaul,Nirmali,,Pariwartan,Syngenta Foundation (SFI),
Supaul,Nirmali,,Sangharsh,Syngenta Foundation (SFI),
Supaul,Pipra,,Mithila,Syngenta Foundation (SFI),
Supaul,Pipra,,Nai Disha,Syngenta Foundation (SFI),
Supaul,Pipra,,Sahyog,Syngenta Foundation (SFI),
Supaul,Pipra,,Vishal 21/3/2018,Syngenta Foundation (SFI),
Supaul,Pratapganj,,Annpurna,Syngenta Foundation (SFI),
Supaul,Pratapganj,,Divy Jyoti,Syngenta Foundation (SFI),
Supaul,Pratapganj,,Jagran,Syngenta Foundation (SFI),
Supaul,Raghopur,,Kranti,Syngenta Foundation (SFI),
Supaul,Raghopur,,MAHIMA JEEVIKA MAHILA SANKUL ASTARIY SANGH,,
Supaul,Raghopur,,Nari Chetna,Syngenta Foundation (SFI),
Supaul,Raghopur,,Prayas,Syngenta Foundation (SFI),
Supaul,Raghopur,,TULSI JEEVIKA MAHILA SANKUL STRIYA SANGH,Syngenta Foundation (SFI),
Supaul,Saraigarh Bhaptiyahi,,Ashtha,Syngenta Foundation (SFI),
Supaul,Saraigarh Bhaptiyahi,,Chetna,Syngenta Foundation (SFI),
Supaul,Saraigarh Bhaptiyahi,,Umang,Syngenta Foundation (SFI),
Supaul,Supaul,,Bharat -CLF,Syngenta Foundation (SFI),
Supaul,Supaul,,Jeevan Dhara,Syngenta Foundation (SFI),
Supaul,Supaul,,Kshitij,Syngenta Foundation (SFI),
Supaul,Supaul,,Srishti,Syngenta Foundation (SFI),
Supaul,Tribeniganj,,Ashirwad,Syngenta Foundation (SFI),
Supaul,Tribeniganj,,Hariyali JEEViKA,Syngenta Foundation (SFI),
Supaul,Tribeniganj,,Himshila,Syngenta Foundation (SFI),
Supaul,Tribeniganj,,Koshi Pragati,Syngenta Foundation (SFI),
Supaul,Tribeniganj,,Prerana,Syngenta Foundation (SFI),
Vaishali,Bhagwanpur,,CHETAN 25/03/2021,Syngenta Foundation (SFI),
Vaishali,Bhagwanpur,,CHETAN 25/03/2021,Microsave consulting (MSC),
Vaishali,Bhagwanpur,,DHAN VERSHA 15/03/2022,Syngenta Foundation (SFI),
Vaishali,Bhagwanpur,,DHAN VERSHA 15/03/2022,Microsave consulting (MSC),
Vaishali,Bhagwanpur,,PRAKASH,Syngenta Foundation (SFI),
Vaishali,Bhagwanpur,,PRAKASH,Microsave consulting (MSC),
Vaishali,Bhagwanpur,,SIKHAR,Syngenta Foundation (SFI),
Vaishali,Bhagwanpur,,SIKHAR,Microsave consulting (MSC),
Vaishali,Bidupur,,BHUMI CLF,Syngenta Foundation (SFI),
Vaishali,Bidupur,,BHUMI CLF,Microsave consulting (MSC),
Vaishali,Bidupur,,Vaishali CLF,Syngenta Foundation (SFI),
Vaishali,Bidupur,,Vaishali CLF,Microsave consulting (MSC),
Vaishali,Bidupur,,VATIKA CLF,Syngenta Foundation (SFI),
Vaishali,Bidupur,,VATIKA CLF,Microsave consulting (MSC),
Vaishali,Chehra Kalan,,NARI AASTHA,Syngenta Foundation (SFI),
Vaishali,Chehra Kalan,,NARI AASTHA,Microsave consulting (MSC),
Vaishali,Chehra Kalan,,Nari Jyoti,Syngenta Foundation (SFI),
Vaishali,Chehra Kalan,,Nari Jyoti,Microsave consulting (MSC),
Vaishali,Chehra Kalan,,NARI MAHASHAKTI,Syngenta Foundation (SFI),
Vaishali,Chehra Kalan,,NARI MAHASHAKTI,Microsave consulting (MSC),
Vaishali,Desri,,AMAR JYOTI,Syngenta Foundation (SFI),
Vaishali,Desri,,AMAR JYOTI,Microsave consulting (MSC),
Vaishali,Desri,,NARI UTSAW,Syngenta Foundation (SFI),
Vaishali,Desri,,NARI UTSAW,Microsave consulting (MSC),
Vaishali,Desri,,PRAGATI,Syngenta Foundation (SFI),
Vaishali,Desri,,PRAGATI,Microsave consulting (MSC),
Vaishali,Goraul,,JAGO BAHNA,Syngenta Foundation (SFI),
Vaishali,Goraul,,JAGO BAHNA,Microsave consulting (MSC),
Vaishali,Goraul,,JEET,Syngenta Foundation (SFI),
Vaishali,Goraul,,JEET,Microsave consulting (MSC),
Vaishali,Goraul,,PANCHWATI,,
Vaishali,Goraul,,UDAAN,Syngenta Foundation (SFI),
Vaishali,Goraul,,UDAAN,Microsave consulting (MSC),
Vaishali,Hajipur,,Janani,Syngenta Foundation (SFI),
Vaishali,Hajipur,,Janani,Microsave consulting (MSC),
Vaishali,Hajipur,,NARI CLF,Syngenta Foundation (SFI),
Vaishali,Hajipur,,NARI CLF,Microsave consulting (MSC),
Vaishali,Hajipur,,PARAS,Syngenta Foundation (SFI),
Vaishali,Hajipur,,PARAS,Microsave consulting (MSC),
Vaishali,Hajipur,,Samadhan,Syngenta Foundation (SFI),
Vaishali,Hajipur,,Samadhan,Microsave consulting (MSC),
Vaishali,Hajipur,,Uttam,Syngenta Foundation (SFI),
Vaishali,Hajipur,,Uttam,Microsave consulting (MSC),
Vaishali,Hajipur,,Vijeta,Syngenta Foundation (SFI),
Vaishali,Hajipur,,Vijeta,Microsave consulting (MSC),
Vaishali,Jandaha,,Hariyali CLF,Syngenta Foundation (SFI),
Vaishali,Jandaha,,Hariyali CLF,Microsave consulting (MSC),
Vaishali,Jandaha,,Nagmani,Microsave consulting (MSC),
Vaishali,Jandaha,,Sukanya,Microsave consulting (MSC),
Vaishali,Jandaha,,Ujala,Syngenta Foundation (SFI),
Vaishali,Jandaha,,Ujala,Microsave consulting (MSC),
Vaishali,Jandaha,,Unnati CLF,Syngenta Foundation (SFI),
Vaishali,Jandaha,,Unnati CLF,Microsave consulting (MSC),
Vaishali,Lalganj,,Anand Jyoti,Syngenta Foundation (SFI),
Vaishali,Lalganj,,Anand Jyoti,Microsave consulting (MSC),
Vaishali,Lalganj,,Jeevan Jyoti 09-09-09,Syngenta Foundation (SFI),
Vaishali,Lalganj,,Jeevan Jyoti 09-09-09,Microsave consulting (MSC),
Vaishali,Lalganj,,Shubh Jyoti 18.03.21,Syngenta Foundation (SFI),
Vaishali,Lalganj,,Shubh Jyoti 18.03.21,Microsave consulting (MSC),
Vaishali,Mahnar,,HIMMAT CLF,Syngenta Foundation (SFI),
Vaishali,Mahnar,,HIMMAT CLF,Microsave consulting (MSC),
Vaishali,Mahnar,,NARI EKTA CLF,Syngenta Foundation (SFI),
Vaishali,Mahnar,,NARI EKTA CLF,Microsave consulting (MSC),
Vaishali,Mahnar,,Nari Shakati CLF,Syngenta Foundation (SFI),
Vaishali,Mahnar,,Nari Shakati CLF,Microsave consulting (MSC),
Vaishali,Mahua,,Himalaya,Syngenta Foundation (SFI),
Vaishali,Mahua,,Himalaya,Microsave consulting (MSC),
Vaishali,Mahua,,KHUSHALI CLF,Syngenta Foundation (SFI),
Vaishali,Mahua,,KHUSHALI CLF,Microsave consulting (MSC),
Vaishali,Mahua,,MAHAVEER CLF,Syngenta Foundation (SFI),
Vaishali,Mahua,,MAHAVEER CLF,Microsave consulting (MSC),
Vaishali,Mahua,,TIRHUT,Syngenta Foundation (SFI),
Vaishali,Mahua,,TIRHUT,Microsave consulting (MSC),
Vaishali,Patepur,,ANMOL 30/11/2023,Syngenta Foundation (SFI),
Vaishali,Patepur,,ANMOL 30/11/2023,Microsave consulting (MSC),
Vaishali,Patepur,,Bharat,Syngenta Foundation (SFI),
Vaishali,Patepur,,Bharat,Microsave consulting (MSC),
Vaishali,Patepur,,DISHA,Microsave consulting (MSC),
Vaishali,Patepur,,Kranti,Syngenta Foundation (SFI),
Vaishali,Patepur,,Kranti,Microsave consulting (MSC),
Vaishali,Patepur,,LAKSHYA CLF,Syngenta Foundation (SFI),
Vaishali,Patepur,,LAKSHYA CLF,Microsave consulting (MSC),
Vaishali,Patepur,,Prayas(08-10-21),Syngenta Foundation (SFI),
Vaishali,Patepur,,Prayas(08-10-21),Microsave consulting (MSC),
Vaishali,Patepur,,Sarthak,Syngenta Foundation (SFI),
Vaishali,Patepur,,Sarthak,Microsave consulting (MSC),
Vaishali,Patepur,,Shakti(20-3-21),Syngenta Foundation (SFI),
Vaishali,Patepur,,Shakti(20-3-21),Microsave consulting (MSC),
Vaishali,Paterhi Belsar,,Amrit Varsha,Syngenta Foundation (SFI),
Vaishali,Paterhi Belsar,,Amrit Varsha,Microsave consulting (MSC),
Vaishali,Paterhi Belsar,,Navjeewan,Syngenta Foundation (SFI),
Vaishali,Paterhi Belsar,,Navjeewan,Microsave consulting (MSC),
Vaishali,Paterhi Belsar,,Navjyoti,Syngenta Foundation (SFI),
Vaishali,Paterhi Belsar,,Navjyoti,Microsave consulting (MSC),
Vaishali,Raghopur,,GARIMA NARI SHAKTI MAHILA SWABLAMBI SAHKARI SAMITI,Syngenta Foundation (SFI),
Vaishali,Raghopur,,GARIMA NARI SHAKTI MAHILA SWABLAMBI SAHKARI SAMITI,Microsave consulting (MSC),
Vaishali,Raghopur,,Nari Saksham,Microsave consulting (MSC),
Vaishali,Raghopur,,prayash,Syngenta Foundation (SFI),
Vaishali,Raghopur,,prayash,Microsave consulting (MSC),
Vaishali,Raghopur,,Rachna,Syngenta Foundation (SFI),
Vaishali,Raghopur,,Rachna,Microsave consulting (MSC),
Vaishali,Raja Pakar,,Sanpurna,Syngenta Foundation (SFI),
Vaishali,Raja Pakar,,Sanpurna,Microsave consulting (MSC),
Vaishali,Raja Pakar,,Shakti,Syngenta Foundation (SFI),
Vaishali,Raja Pakar,,Shakti,Microsave consulting (MSC),
Vaishali,Raja Pakar,,Swabhiman,Syngenta Foundation (SFI),
Vaishali,Raja Pakar,,Swabhiman,Microsave consulting (MSC),
Vaishali,Sahdai Buzurg,,Aashirwad,Syngenta Foundation (SFI),
Vaishali,Sahdai Buzurg,,Aashirwad,Microsave consulting (MSC),
Vaishali,Sahdai Buzurg,,BARADAN,Syngenta Foundation (SFI),
Vaishali,Sahdai Buzurg,,BARADAN,Microsave consulting (MSC),
Vaishali,Sahdai Buzurg,,VISHWASH,Syngenta Foundation (SFI),
Vaishali,Sahdai Buzurg,,VISHWASH,Microsave consulting (MSC),
Vaishali,Vaishali,,Samarpan,Syngenta Foundation (SFI),
Vaishali,Vaishali,,Samarpan,Microsave consulting (MSC),
Vaishali,Vaishali,,Sarvottam 12-03-2021,Syngenta Foundation (SFI),
Vaishali,Vaishali,,Sarvottam 12-03-2021,Microsave consulting (MSC),
Vaishali,Vaishali,,Srishti,Syngenta Foundation (SFI),
Vaishali,Vaishali,,Srishti,Microsave consulting (MSC),
